,mean_fit_time,mean_score_time,mean_test_score,mean_train_score,param_NN__alpha,param_NN__hidden_layer_sizes,param_filter__n,params,rank_test_score,split0_test_score,split0_train_score,split1_test_score,split1_train_score,split2_test_score,split2_train_score,split3_test_score,split3_train_score,split4_test_score,split4_train_score,std_fit_time,std_score_time,std_test_score,std_train_score
0,0.5032981872558594,0.10599541664123535,0.7831768068599428,0.7831768008658229,10.0,"(7,)",1,"{'NN__alpha': 10.0, 'NN__hidden_layer_sizes': (7,), 'filter__n': 1}",158,0.7836734693877551,0.7830525778458397,0.7836734693877551,0.7830525778458397,0.7826530612244897,0.7833078101071975,0.7824310520939735,0.7833631028323552,0.7834525025536262,0.7831079356978821,0.04327404873709267,0.0011127852328594887,0.0005291013841858864,0.00013227015748261127
1,0.4984762191772461,0.10551977157592773,0.7711310739077174,0.7935379541900099,10.0,"(7,)",2,"{'NN__alpha': 10.0, 'NN__hidden_layer_sizes': (7,), 'filter__n': 2}",205,0.7846938775510204,0.7940275650842267,0.789795918367347,0.7963246554364471,0.7795918367346939,0.7858601327207759,0.7507660878447395,0.7912732840010207,0.7507660878447395,0.8002041337075785,0.01629404316293398,0.001635947242147994,0.01692994055017931,0.004827443331690347
2,0.4662057399749756,0.10435662269592286,0.7815434871376072,0.7824110910563723,10.0,"(7,)",3,"{'NN__alpha': 10.0, 'NN__hidden_layer_sizes': (7,), 'filter__n': 3}",170,0.7836734693877551,0.7822868810617662,0.7785714285714286,0.7830525778458397,0.7785714285714286,0.7799897907095457,0.7834525025536262,0.7833631028323552,0.7834525025536262,0.7833631028323552,0.014271930761600327,0.0018035847636904726,0.0024288421213099175,0.0012729714558138636
3,0.4972830772399902,0.10601539611816406,0.671498570845243,0.6818265381895585,10.0,"(7,)",4,"{'NN__alpha': 10.0, 'NN__hidden_layer_sizes': (7,), 'filter__n': 4}",215,0.7918367346938775,0.8006636038795304,0.786734693877551,0.8032159264931087,0.8030612244897959,0.7871362940275651,0.2247191011235955,0.21765756570553713,0.7507660878447395,0.8004593008420515,0.030106264322078604,0.0012200010728373172,0.22398968582180057,0.2321526841716926
4,0.5259250640869141,0.10553712844848633,0.7868517762351981,0.7992543492710543,10.0,"(7,)",5,"{'NN__alpha': 10.0, 'NN__hidden_layer_sizes': (7,), 'filter__n': 5}",112,0.7918367346938775,0.7988769780500256,0.7877551020408163,0.8024502297090352,0.789795918367347,0.7876467585502808,0.7885597548518897,0.8045419749936208,0.7763023493360572,0.8027558050523093,0.01432044156796483,0.0008664406240376318,0.00544950361105822,0.006087879787304416
5,0.49180893898010253,0.1057654857635498,0.7866476112699061,0.7861370652601343,10.0,"(7,)",6,"{'NN__alpha': 10.0, 'NN__hidden_layer_sizes': (7,), 'filter__n': 6}",117,0.7836734693877551,0.7830525778458397,0.7846938775510204,0.7835630423685553,0.7938775510204081,0.7891781521184278,0.7824310520939735,0.7838734371013013,0.7885597548518897,0.7910181168665475,0.028384556730461,0.0004560719363208638,0.004156529178369822,0.003296560115057229
6,0.4909345626831055,0.1055612564086914,0.21641486320947326,0.21641486659213544,10.0,"(7,)",7,"{'NN__alpha': 10.0, 'NN__hidden_layer_sizes': (7,), 'filter__n': 7}",216,0.2163265306122449,0.2164369576314446,0.2163265306122449,0.2164369576314446,0.2163265306122449,0.2164369576314446,0.21654749744637386,0.21638173003317174,0.21654749744637386,0.21638173003317174,0.1067161986914482,0.00210297690666385,0.00010824013408542338,2.70558870975874e-05
7,0.47608199119567873,0.10577278137207032,0.7762351980400163,0.7810821248714233,10.0,"(7,)",8,"{'NN__alpha': 10.0, 'NN__hidden_layer_sizes': (7,), 'filter__n': 8}",201,0.7397959183673469,0.7335375191424196,0.7591836734693878,0.7771822358346095,0.7857142857142857,0.7935171005615109,0.8018386108273748,0.7979076294973207,0.7946884576098059,0.8032661393212555,0.03667912863111362,0.001170140270553053,0.02325757405193802,0.025320171373296035
8,0.4792081356048584,0.10518503189086914,0.7774601878317681,0.7789908224496541,10.0,"(7,)",9,"{'NN__alpha': 10.0, 'NN__hidden_layer_sizes': (7,), 'filter__n': 9}",192,0.7663265306122449,0.7623787646758551,0.7806122448979592,0.7812659520163349,0.7826530612244897,0.7815211842776927,0.7814096016343207,0.7815769328910437,0.7763023493360572,0.7882112783873437,0.011109693853774319,0.0014559925643805496,0.005964117527143661,0.008709123766716792
9,0.4592024326324463,0.10543975830078126,0.7774601878317681,0.7760814612284677,10.0,"(7,)",10,"{'NN__alpha': 10.0, 'NN__hidden_layer_sizes': (7,), 'filter__n': 10}",192,0.7724489795918368,0.7741194486983155,0.7846938775510204,0.7771822358346095,0.7795918367346939,0.7649310872894334,0.7773237997957099,0.782852768563409,0.7732379979570991,0.7813217657565705,0.014173242057526982,0.001025804403526123,0.0044687903655336765,0.006367156845151247
10,0.5286138534545899,0.10502128601074219,0.7807268272764394,0.7851668700579277,10.0,"(7,)",11,"{'NN__alpha': 10.0, 'NN__hidden_layer_sizes': (7,), 'filter__n': 11}",183,0.7622448979591837,0.7728432873915263,0.7846938775510204,0.7945380296069423,0.7989795918367347,0.7774374680959674,0.7885597548518897,0.785914774177086,0.7691521961184883,0.7951007910181168,0.06251525375922025,0.002348199424170016,0.013311436903144765,0.008929447037000797
11,0.46147642135620115,0.10490775108337402,0.20538995508370764,0.2076366091765604,10.0,"(15,)",1,"{'NN__alpha': 10.0, 'NN__hidden_layer_sizes': (15,), 'filter__n': 1}",220,0.19183673469387755,0.21286370597243492,0.2010204081632653,0.2105666156202144,0.17959183673469387,0.21592649310872894,0.21961184882533197,0.20132686909926,0.23493360572012256,0.19749936208216382,0.05064071229497453,0.0030392596500837155,0.019713504328660054,0.007031447258965462
12,0.48964128494262693,0.10602273941040039,0.7770518579011841,0.7971624867580761,10.0,"(15,)",2,"{'NN__alpha': 10.0, 'NN__hidden_layer_sizes': (15,), 'filter__n': 2}",194,0.7989795918367347,0.8001531393568146,0.789795918367347,0.8006636038795304,0.7969387755102041,0.798111281265952,0.7538304392236976,0.7823424342944628,0.745658835546476,0.8045419749936208,0.03534105296350321,0.001231178035017906,0.022640549729447325,0.007696659492603918
13,0.4347216129302979,0.10682363510131836,0.7850142915475704,0.7897606730264373,10.0,"(15,)",3,"{'NN__alpha': 10.0, 'NN__hidden_layer_sizes': (15,), 'filter__n': 3}",132,0.7887755102040817,0.7825421133231241,0.7846938775510204,0.7863705972434916,0.8061224489795918,0.7914752424706483,0.7834525025536262,0.7854044399081398,0.7620020429009193,0.8030109721867823,0.017388722197588986,0.0007895831216043871,0.01408309920699292,0.007226163037228348
14,0.44158177375793456,0.10566139221191406,0.7792976725193956,0.782666401469992,10.0,"(15,)",4,"{'NN__alpha': 10.0, 'NN__hidden_layer_sizes': (15,), 'filter__n': 4}",187,0.7846938775510204,0.7830525778458397,0.7816326530612245,0.7825421133231241,0.7816326530612245,0.7825421133231241,0.780388151174668,0.7833631028323552,0.7681307456588355,0.7818321000255167,0.01458400315057774,0.0016882896517613699,0.005759373790736335,0.0005218196946721891
15,0.440946626663208,0.10594463348388672,0.7844017966516945,0.7849633485430659,10.0,"(15,)",5,"{'NN__alpha': 10.0, 'NN__hidden_layer_sizes': (15,), 'filter__n': 5}",138,0.7836734693877551,0.7863705972434916,0.786734693877551,0.7843287391526289,0.786734693877551,0.7861153649821337,0.7793667007150153,0.7841286042357745,0.7854954034729316,0.7838734371013013,0.010197507257771998,0.0011929062166910448,0.0027550625071228684,0.0010578208608841037
16,0.5191924095153808,0.10380454063415527,0.7931808901592486,0.7975186526654285,10.0,"(15,)",6,"{'NN__alpha': 10.0, 'NN__hidden_layer_sizes': (15,), 'filter__n': 6}",63,0.7887755102040817,0.7947932618683001,0.7785714285714286,0.790454313425217,0.8122448979591836,0.7927514037774375,0.7916241062308478,0.798928298035213,0.7946884576098059,0.8106659862209747,0.02445175544349608,0.001586151859862178,0.010965555819866173,0.007140011002054031
17,0.4668421745300293,0.10595946311950684,0.7856267864434463,0.7822577823696574,10.0,"(15,)",7,"{'NN__alpha': 10.0, 'NN__hidden_layer_sizes': (15,), 'filter__n': 7}",127,0.7826530612244897,0.7802450229709035,0.7918367346938775,0.7805002552322614,0.7826530612244897,0.7805002552322614,0.7875383043922369,0.7871906098494514,0.7834525025536262,0.782852768563409,0.03293359188340052,0.0006446464410634492,0.0035957971781013314,0.0026425669032516547
18,0.4598828315734863,0.1052544116973877,0.7888934258881176,0.7884334001404918,10.0,"(15,)",8,"{'NN__alpha': 10.0, 'NN__hidden_layer_sizes': (15,), 'filter__n': 8}",95,0.7908163265306123,0.7761613067891782,0.7887755102040817,0.7835630423685553,0.7948979591836735,0.7927514037774375,0.7865168539325843,0.7928042868078592,0.7834525025536262,0.7968869609594285,0.020313276458005926,0.0008915169577022104,0.003873299837670195,0.007530433669279949
19,0.466337251663208,0.10489416122436523,0.7850142915475704,0.7897610247116149,10.0,"(15,)",9,"{'NN__alpha': 10.0, 'NN__hidden_layer_sizes': (15,), 'filter__n': 9}",132,0.7846938775510204,0.7899438489025012,0.7683673469387755,0.78892291985707,0.7938775510204081,0.7884124553343542,0.7854954034729316,0.7831079356978821,0.7926455566905005,0.798417963766267,0.034272985831562096,0.002267013171185919,0.009103383322502873,0.004934788161975805
20,0.4359490394592285,0.10557012557983399,0.7827684769293589,0.7859837435480423,10.0,"(15,)",10,"{'NN__alpha': 10.0, 'NN__hidden_layer_sizes': (15,), 'filter__n': 10}",164,0.7846938775510204,0.7856049004594181,0.7744897959183673,0.7820316488004083,0.7877551020408163,0.7838182746299133,0.7824310520939735,0.7838734371013013,0.7844739530132788,0.7945904567491707,0.01127099126759867,0.0007044771163958671,0.004475945994880475,0.004449286145913572
21,0.5254929542541504,0.10576176643371582,0.7935892200898326,0.800326402921019,10.0,"(15,)",11,"{'NN__alpha': 10.0, 'NN__hidden_layer_sizes': (15,), 'filter__n': 11}",62,0.8071428571428572,0.7963246554364471,0.7857142857142857,0.7998979070954568,0.8285714285714286,0.799642674834099,0.7579162410623085,0.7961214595560092,0.7885597548518897,0.8096453176830825,0.036565988778189576,0.00026413064309947884,0.02352501915141437,0.00492318589421908
22,0.4417573928833008,0.10571160316467285,0.7886892609228257,0.7867492058753307,10.0,"(31,)",1,"{'NN__alpha': 10.0, 'NN__hidden_layer_sizes': (31,), 'filter__n': 1}",96,0.7836734693877551,0.7835630423685553,0.7836734693877551,0.7835630423685553,0.7836734693877551,0.7835630423685553,0.8069458631256384,0.7951007910181168,0.7854954034729316,0.7879561112528707,0.014476631310835581,0.0010777901944839907,0.009152039854232984,0.004509113186941793
23,0.43285531997680665,0.1051633358001709,0.7942017149857085,0.7885356363241813,10.0,"(31,)",2,"{'NN__alpha': 10.0, 'NN__hidden_layer_sizes': (31,), 'filter__n': 2}",56,0.8030612244897959,0.7843287391526289,0.7877551020408163,0.7871362940275651,0.8122448979591836,0.7843287391526289,0.7936670071501533,0.7910181168665475,0.7742594484167518,0.7958662924215361,0.012636523055458695,0.0012016829694539023,0.01298864335473779,0.004410336834030744
24,0.42661299705505373,0.10531892776489257,0.7813393221723153,0.7803188117313317,10.0,"(31,)",3,"{'NN__alpha': 10.0, 'NN__hidden_layer_sizes': (31,), 'filter__n': 3}",175,0.7836734693877551,0.7799897907095457,0.7836734693877551,0.7835630423685553,0.7836734693877551,0.7835630423685553,0.7834525025536262,0.7836182699668283,0.7722165474974464,0.7708599132431743,0.015719161574171418,0.0014149792858900068,0.004560443899249683,0.00492981754114351
25,0.47850980758666994,0.10545315742492675,0.7831768068599428,0.7887397049048751,10.0,"(31,)",4,"{'NN__alpha': 10.0, 'NN__hidden_layer_sizes': (31,), 'filter__n': 4}",158,0.7816326530612245,0.7879019908116386,0.7857142857142857,0.7830525778458397,0.7836734693877551,0.7835630423685553,0.7620020429009193,0.79535595815259,0.8028600612870276,0.7938249553457515,0.019787367729123637,0.0016895679159207777,0.012995097511717468,0.0050887639596838685
26,0.45764880180358886,0.10558099746704101,0.7792976725193956,0.7922106552533104,10.0,"(31,)",5,"{'NN__alpha': 10.0, 'NN__hidden_layer_sizes': (31,), 'filter__n': 5}",187,0.786734693877551,0.7901990811638591,0.7887755102040817,0.7909647779479326,0.7877551020408163,0.7866258295048494,0.7783452502553626,0.7971421280939015,0.7548518896833504,0.7961214595560092,0.007309816154220681,0.001728684112405167,0.012766300214750958,0.003909033995492384
27,0.45491580963134765,0.10670199394226074,0.7866476112699061,0.7879229746939069,10.0,"(31,)",6,"{'NN__alpha': 10.0, 'NN__hidden_layer_sizes': (31,), 'filter__n': 6}",117,0.789795918367347,0.7845839714139867,0.7908163265306123,0.7830525778458397,0.7846938775510204,0.7830525778458397,0.7742594484167518,0.7948456238836438,0.7936670071501533,0.7940801224802245,0.025927954285372725,0.0021014604354939845,0.006837164953604147,0.005374458381741625
28,0.4379152297973633,0.10442619323730469,0.7846059616169865,0.7832278342927175,10.0,"(31,)",7,"{'NN__alpha': 10.0, 'NN__hidden_layer_sizes': (31,), 'filter__n': 7}",137,0.7836734693877551,0.7835630423685553,0.7836734693877551,0.7833078101071975,0.7928571428571428,0.7825421133231241,0.7814096016343207,0.7836182699668283,0.7814096016343207,0.7831079356978821,0.010476898486603036,0.001251774662003424,0.004249011751249839,0.00038879030898690016
29,0.47025108337402344,0.10679173469543457,0.7850142915475704,0.7887912072453398,10.0,"(31,)",8,"{'NN__alpha': 10.0, 'NN__hidden_layer_sizes': (31,), 'filter__n': 8}",132,0.7846938775510204,0.7927514037774375,0.7846938775510204,0.7863705972434916,0.789795918367347,0.7845839714139867,0.7946884576098059,0.7933146210768053,0.7711950970377937,0.7869354427149783,0.055700485043628165,0.0022181786746576773,0.00784173500906477,0.0035538282844658786
30,0.5469316482543946,0.105548095703125,0.8017558187015108,0.803337440234686,10.0,"(31,)",9,"{'NN__alpha': 10.0, 'NN__hidden_layer_sizes': (31,), 'filter__n': 9}",17,0.7959183673469388,0.7993874425727412,0.8081632653061225,0.8029606942317509,0.7979591836734694,0.7947932618683001,0.8171603677221655,0.8137279918346517,0.7895812053115424,0.8058178106659862,0.08099382963208637,0.0013711714066325365,0.00974543404762617,0.006369665659431932
31,0.4695003509521484,0.10455360412597656,0.8064516129032258,0.8043585386100176,10.0,"(31,)",10,"{'NN__alpha': 10.0, 'NN__hidden_layer_sizes': (31,), 'filter__n': 10}",4,0.810204081632653,0.8065339458907606,0.7938775510204081,0.8009188361408882,0.8438775510204082,0.798111281265952,0.7936670071501533,0.8132176575657055,0.7906026557711952,0.8030109721867823,0.019444035465414518,0.0014891479826172073,0.019939472308052476,0.005213292590528296
32,0.5479663848876953,0.10503683090209961,0.7911392405063291,0.8041549649936481,10.0,"(31,)",11,"{'NN__alpha': 10.0, 'NN__hidden_layer_sizes': (31,), 'filter__n': 11}",77,0.8020408163265306,0.8032159264931087,0.7959183673469388,0.8088310362429811,0.8224489795918367,0.8044920877998979,0.8171603677221655,0.805052309262567,0.7180796731358529,0.7991834651696862,0.05081257887601939,0.0012526968336710903,0.03777183533276276,0.0031106952488934993
33,0.41865196228027346,0.10575604438781738,0.7835851367905268,0.7835851334078645,10.0,"(62,)",1,"{'NN__alpha': 10.0, 'NN__hidden_layer_sizes': (62,), 'filter__n': 1}",139,0.7836734693877551,0.7835630423685553,0.7836734693877551,0.7835630423685553,0.7836734693877551,0.7835630423685553,0.7834525025536262,0.7836182699668283,0.7834525025536262,0.7836182699668283,0.004513593734688791,0.001342394174786461,0.00010824013408538259,2.705588709761459e-05
34,0.41738052368164064,0.10561623573303222,0.782155982033483,0.782870639380586,10.0,"(62,)",2,"{'NN__alpha': 10.0, 'NN__hidden_layer_sizes': (62,), 'filter__n': 2}",168,0.7836734693877551,0.7835630423685553,0.7836734693877551,0.7830525778458397,0.7836734693877551,0.7835630423685553,0.7834525025536262,0.7836182699668283,0.7763023493360572,0.7805562643531513,0.008442022273328622,0.0019349826714609583,0.0029269468380468903,0.0011753491959188127
35,0.4342472553253174,0.10550198554992676,0.7835851367905268,0.7835851334078645,10.0,"(62,)",3,"{'NN__alpha': 10.0, 'NN__hidden_layer_sizes': (62,), 'filter__n': 3}",139,0.7836734693877551,0.7835630423685553,0.7836734693877551,0.7835630423685553,0.7836734693877551,0.7835630423685553,0.7834525025536262,0.7836182699668283,0.7834525025536262,0.7836182699668283,0.007302886248508121,0.001647281232639575,0.00010824013408538259,2.705588709761459e-05
36,0.44263381958007814,0.10558457374572754,0.7858309514087383,0.7842482683738247,10.0,"(62,)",4,"{'NN__alpha': 10.0, 'NN__hidden_layer_sizes': (62,), 'filter__n': 4}",123,0.7826530612244897,0.7782031648800408,0.7826530612244897,0.7835630423685553,0.786734693877551,0.7830525778458397,0.7854954034729316,0.7843837713702475,0.7916241062308478,0.79203878540444,0.029293089331711118,0.0018448493520140012,0.003306838791409739,0.00445315626121326
37,0.4855255126953125,0.10503110885620118,0.7980808493262556,0.7959876889347208,10.0,"(62,)",5,"{'NN__alpha': 10.0, 'NN__hidden_layer_sizes': (62,), 'filter__n': 5}",33,0.7928571428571428,0.7817764165390505,0.7846938775510204,0.8047473200612557,0.823469387755102,0.7922409392547218,0.797752808988764,0.7958662924215361,0.7916241062308478,0.80530747639704,0.027100610399320633,0.0006400573398380606,0.01336559065116825,0.00871323945725915
38,0.4364017486572266,0.10505542755126954,0.7829726418946509,0.7833298360196219,10.0,"(62,)",6,"{'NN__alpha': 10.0, 'NN__hidden_layer_sizes': (62,), 'filter__n': 6}",160,0.7836734693877551,0.7799897907095457,0.7836734693877551,0.7845839714139867,0.7836734693877551,0.7835630423685553,0.7814096016343207,0.785659607042613,0.7824310520939735,0.782852768563409,0.009341484997646851,0.0016496945767451579,0.0009174767046661535,0.0019203421486438275
39,0.4531290054321289,0.10682158470153809,0.7854226214781543,0.7838403656692223,10.0,"(62,)",7,"{'NN__alpha': 10.0, 'NN__hidden_layer_sizes': (62,), 'filter__n': 7}",129,0.7836734693877551,0.7827973455844819,0.7836734693877551,0.7833078101071975,0.7918367346938775,0.7858601327207759,0.7844739530132788,0.7841286042357745,0.7834525025536262,0.7831079356978821,0.02078434536812656,0.000964284718647934,0.0032266894470588804,0.0011018620966820277
40,0.4500399589538574,0.10476040840148926,0.7813393221723153,0.7865452414976526,10.0,"(62,)",8,"{'NN__alpha': 10.0, 'NN__hidden_layer_sizes': (62,), 'filter__n': 8}",175,0.7816326530612245,0.7815211842776927,0.7826530612244897,0.7871362940275651,0.7857142857142857,0.7853496681980602,0.7568947906026557,0.7769839244705282,0.7997957099080695,0.801735136514417,0.029804385282684157,0.001565901551814899,0.013846007079635554,0.008356692928075643
41,0.46183362007141116,0.10468578338623047,0.7882809309922417,0.7862389237078923,10.0,"(62,)",9,"{'NN__alpha': 10.0, 'NN__hidden_layer_sizes': (62,), 'filter__n': 9}",99,0.7836734693877551,0.7843287391526289,0.7836734693877551,0.7835630423685553,0.7846938775510204,0.7838182746299133,0.7987742594484167,0.792549119673386,0.7906026557711952,0.7869354427149783,0.03558490567976861,0.001853096426817419,0.005844254486579273,0.0033755710564662917
42,0.48289031982421876,0.10437016487121582,0.7939975500204165,0.7902714892343305,10.0,"(62,)",10,"{'NN__alpha': 10.0, 'NN__hidden_layer_sizes': (62,), 'filter__n': 10}",58,0.7979591836734694,0.7866258295048494,0.7806122448979592,0.7907095456865748,0.8081632653061225,0.7924961715160797,0.7844739530132788,0.7902526154631283,0.7987742594484167,0.7912732840010207,0.06339493838330666,0.001483124278090005,0.010090948965337906,0.0019715926834439758
43,0.48839335441589354,0.10526618957519532,0.7856267864434463,0.7842485679574944,10.0,"(62,)",11,"{'NN__alpha': 10.0, 'NN__hidden_layer_sizes': (62,), 'filter__n': 11}",127,0.7836734693877551,0.7835630423685553,0.7836734693877551,0.7835630423685553,0.7816326530612245,0.7835630423685553,0.7946884576098059,0.7869354427149783,0.7844739530132788,0.7836182699668283,0.052024353155582403,0.0005143314791240585,0.004625698378746318,0.0013436076450149116
44,0.4436589241027832,0.10496559143066406,0.7835851367905268,0.7835851334078645,10.0,"(124,)",1,"{'NN__alpha': 10.0, 'NN__hidden_layer_sizes': (124,), 'filter__n': 1}",139,0.7836734693877551,0.7835630423685553,0.7836734693877551,0.7835630423685553,0.7836734693877551,0.7835630423685553,0.7834525025536262,0.7836182699668283,0.7834525025536262,0.7836182699668283,0.016168632207604332,0.0015596488190389739,0.00010824013408538259,2.705588709761459e-05
45,0.5876038074493408,0.1054001808166504,0.7850142915475704,0.7852692364953868,10.0,"(124,)",2,"{'NN__alpha': 10.0, 'NN__hidden_layer_sizes': (124,), 'filter__n': 2}",132,0.7836734693877551,0.7835630423685553,0.7836734693877551,0.7835630423685553,0.7836734693877551,0.7835630423685553,0.7834525025536262,0.7843837713702475,0.7906026557711952,0.7912732840010207,0.17711961644018268,0.0019071822487262463,0.002794422729348514,0.0030188053972738673
46,0.44748702049255373,0.105859375,0.7835851367905268,0.7835851334078645,10.0,"(124,)",3,"{'NN__alpha': 10.0, 'NN__hidden_layer_sizes': (124,), 'filter__n': 3}",139,0.7836734693877551,0.7835630423685553,0.7836734693877551,0.7835630423685553,0.7836734693877551,0.7835630423685553,0.7834525025536262,0.7836182699668283,0.7834525025536262,0.7836182699668283,0.008741084625951452,0.002001004660614783,0.00010824013408538259,2.705588709761459e-05
47,0.4428407669067383,0.10596017837524414,0.7815434871376072,0.7874126795010916,10.0,"(124,)",4,"{'NN__alpha': 10.0, 'NN__hidden_layer_sizes': (124,), 'filter__n': 4}",170,0.7836734693877551,0.7838182746299133,0.7836734693877551,0.7840735068912711,0.7836734693877551,0.7835630423685553,0.7875383043922369,0.785659607042613,0.7691521961184883,0.7999489665731054,0.01694001827206994,0.0013504981405359049,0.006371528875319128,0.0063106462861571575
48,0.4306600093841553,0.10392355918884277,0.7817476521028991,0.7848099356533353,10.0,"(124,)",5,"{'NN__alpha': 10.0, 'NN__hidden_layer_sizes': (124,), 'filter__n': 5}",169,0.7775510204081633,0.7835630423685553,0.7836734693877551,0.7835630423685553,0.7836734693877551,0.7835630423685553,0.7742594484167518,0.7790252615463128,0.7895812053115424,0.7943352896146977,0.006809341242166476,0.0012230153090493185,0.005336764984568918,0.005076594354576435
49,0.479738187789917,0.10591697692871094,0.7876684360963658,0.7871576165696341,10.0,"(124,)",6,"{'NN__alpha': 10.0, 'NN__hidden_layer_sizes': (124,), 'filter__n': 6}",107,0.7836734693877551,0.7835630423685553,0.7836734693877551,0.7838182746299133,0.789795918367347,0.7861153649821337,0.7834525025536262,0.7836182699668283,0.797752808988764,0.79867313090074,0.05367769247699914,0.0015292663078502597,0.005583118823857764,0.005835966095408452
50,0.4896434783935547,0.10683441162109375,0.78705594120049,0.7906283975881692,10.0,"(124,)",7,"{'NN__alpha': 10.0, 'NN__hidden_layer_sizes': (124,), 'filter__n': 7}",111,0.786734693877551,0.7963246554364471,0.7836734693877551,0.7835630423685553,0.7836734693877551,0.7835630423685553,0.780388151174668,0.7940801224802245,0.8008171603677222,0.795611125287063,0.029510637243578944,0.0013603513366479054,0.0071649448479675516,0.005814255279646323
51,0.5289561748504639,0.10558099746704101,0.7899142507145773,0.7890459575677505,10.0,"(124,)",8,"{'NN__alpha': 10.0, 'NN__hidden_layer_sizes': (124,), 'filter__n': 8}",92,0.7846938775510204,0.7833078101071975,0.7887755102040817,0.7866258295048494,0.7979591836734694,0.7856049004594181,0.7824310520939735,0.7877009441183975,0.7957099080694586,0.80199030364889,0.07943471232281951,0.0013901015681909395,0.006047166126161321,0.006633089578619441
52,0.4537966251373291,0.10512256622314453,0.7946100449162924,0.7874635956995937,10.0,"(124,)",9,"{'NN__alpha': 10.0, 'NN__hidden_layer_sizes': (124,), 'filter__n': 9}",54,0.8020408163265306,0.7868810617662072,0.7836734693877551,0.7922409392547218,0.7918367346938775,0.7700357325165901,0.8059244126659857,0.792549119673386,0.7895812053115424,0.795611125287063,0.011660554436891481,0.0013905599327850011,0.008195133578393573,0.009155736615035064
53,0.503974437713623,0.10637955665588379,0.7923642302980809,0.7943542675889155,10.0,"(124,)",10,"{'NN__alpha': 10.0, 'NN__hidden_layer_sizes': (124,), 'filter__n': 10}",69,0.789795918367347,0.796579887697805,0.786734693877551,0.7868810617662072,0.7969387755102041,0.7884124553343542,0.7783452502553626,0.795611125287063,0.8100102145045965,0.8042868078591477,0.034643658288153974,0.001760751533505398,0.010647441153491083,0.006266456263300445
54,0.5224824905395508,0.10570034980773926,0.791751735402205,0.7957835812778964,10.0,"(124,)",11,"{'NN__alpha': 10.0, 'NN__hidden_layer_sizes': (124,), 'filter__n': 11}",70,0.7908163265306123,0.7983665135273098,0.7969387755102041,0.7914752424706483,0.7826530612244897,0.7894333843797856,0.7967313585291114,0.7945904567491707,0.7916241062308478,0.805052309262567,0.020476102089485734,0.0018070179172376584,0.005204020215833509,0.005529759262802289
55,0.42682876586914065,0.10577096939086914,0.7835851367905268,0.7835851334078645,0.01,"(7,)",1,"{'NN__alpha': 0.01, 'NN__hidden_layer_sizes': (7,), 'filter__n': 1}",139,0.7836734693877551,0.7835630423685553,0.7836734693877551,0.7835630423685553,0.7836734693877551,0.7835630423685553,0.7834525025536262,0.7836182699668283,0.7834525025536262,0.7836182699668283,0.0086593755719851,0.0017089782921223015,0.00010824013408538259,2.705588709761459e-05
56,0.5026031970977783,0.10447936058044434,0.7770518579011841,0.7788388684021419,0.01,"(7,)",2,"{'NN__alpha': 0.01, 'NN__hidden_layer_sizes': (7,), 'filter__n': 2}",194,0.7887755102040817,0.7807554874936192,0.7857142857142857,0.7840735068912711,0.7836734693877551,0.7827973455844819,0.7671092951991828,0.7726460831844858,0.7599591419816139,0.7739219188568512,0.017605693011399328,0.0012625349671701873,0.011377241136324079,0.004674855977241402
57,0.46787257194519044,0.10490837097167968,0.7801143323805635,0.7804714561238224,0.01,"(7,)",3,"{'NN__alpha': 0.01, 'NN__hidden_layer_sizes': (7,), 'filter__n': 3}",184,0.7826530612244897,0.7817764165390505,0.7795918367346939,0.7825421133231241,0.7714285714285715,0.7738642164369577,0.7834525025536262,0.7815769328910437,0.7834525025536262,0.782597601428936,0.009790126446179517,0.001275509545164059,0.004570935297453476,0.00332832486224932
58,0.5165013790130615,0.10470404624938964,0.6790526745610453,0.6733534002290642,0.01,"(7,)",4,"{'NN__alpha': 0.01, 'NN__hidden_layer_sizes': (7,), 'filter__n': 4}",209,0.7744897959183673,0.7896886166411434,0.763265306122449,0.7784583971413986,0.810204081632653,0.7917304747320061,0.7885597548518897,0.7994386323041592,0.25842696629213485,0.20745088032661393,0.05169438906047831,0.0017035941644925894,0.2108157572105528,0.2330479429303532
59,0.5272615432739258,0.10450577735900879,0.7658227848101266,0.7822070615518095,0.01,"(7,)",5,"{'NN__alpha': 0.01, 'NN__hidden_layer_sizes': (7,), 'filter__n': 5}",206,0.7663265306122449,0.7554874936191934,0.7887755102040817,0.8034711587544666,0.7795918367346939,0.7884124553343542,0.7528089887640449,0.766777239091605,0.7415730337078652,0.7968869609594285,0.028341734594992195,0.0016299893095415722,0.017169194491954663,0.018210891906314874
60,0.4960975646972656,0.10322537422180175,0.7874642711310739,0.7949167554671741,0.01,"(7,)",6,"{'NN__alpha': 0.01, 'NN__hidden_layer_sizes': (7,), 'filter__n': 6}",108,0.7928571428571428,0.7991322103113834,0.7846938775510204,0.8037263910158244,0.8122448979591836,0.7909647779479326,0.7854954034729316,0.7905077825976015,0.7620020429009193,0.7902526154631283,0.007730537952789722,0.001568052503493414,0.01614252399545548,0.005517084521704721
61,0.4205998420715332,0.10497336387634278,0.21641486320947326,0.21641486659213544,0.01,"(7,)",7,"{'NN__alpha': 0.01, 'NN__hidden_layer_sizes': (7,), 'filter__n': 7}",216,0.2163265306122449,0.2164369576314446,0.2163265306122449,0.2164369576314446,0.2163265306122449,0.2164369576314446,0.21654749744637386,0.21638173003317174,0.21654749744637386,0.21638173003317174,0.004063894034601013,0.001295633602127561,0.00010824013408542338,2.70558870975874e-05
62,0.46178722381591797,0.10468940734863282,0.7809309922417313,0.7938436728124303,0.01,"(7,)",8,"{'NN__alpha': 0.01, 'NN__hidden_layer_sizes': (7,), 'filter__n': 8}",177,0.7581632653061224,0.7534456355283308,0.786734693877551,0.8113833588565594,0.8,0.8019397651863196,0.7865168539325843,0.8091349834141363,0.7732379979570991,0.7933146210768053,0.026414359900803853,0.0011594017407100092,0.014187191059750576,0.021162668973064222
63,0.4817162036895752,0.10413098335266113,0.7833809718252348,0.7939965777124598,0.01,"(7,)",9,"{'NN__alpha': 0.01, 'NN__hidden_layer_sizes': (7,), 'filter__n': 9}",152,0.7887755102040817,0.7983665135273098,0.7795918367346939,0.7850944359367024,0.7775510204081633,0.77947932618683,0.7906026557711952,0.8060729778004593,0.780388151174668,0.8009696351109977,0.020888367870320626,0.0011715654437582416,0.00526404429242403,0.010035517202902229
64,0.476900577545166,0.10464458465576172,0.7766435279706002,0.7848600312530895,0.01,"(7,)",10,"{'NN__alpha': 0.01, 'NN__hidden_layer_sizes': (7,), 'filter__n': 10}",198,0.773469387755102,0.7682491066870852,0.7806122448979592,0.7807554874936192,0.7979591836734694,0.7833078101071975,0.7875383043922369,0.804797142128094,0.7436159346271706,0.7871906098494514,0.02893609999172377,0.0016729626328815775,0.018380187066534593,0.01181608625165444
65,0.48343758583068847,0.10457696914672851,0.7895059207839935,0.8027251563403432,0.01,"(7,)",11,"{'NN__alpha': 0.01, 'NN__hidden_layer_sizes': (7,), 'filter__n': 11}",93,0.7653061224489796,0.7853496681980602,0.7979591836734694,0.8131699846860643,0.813265306122449,0.8009188361408882,0.7987742594484167,0.811431487624394,0.7722165474974464,0.8027558050523093,0.03620826521362512,0.0012596135786414643,0.017925869162195,0.009900161249074097
66,0.4471442222595215,0.10391116142272949,0.676194365046958,0.6667185858191939,0.01,"(15,)",1,"{'NN__alpha': 0.01, 'NN__hidden_layer_sizes': (15,), 'filter__n': 1}",212,0.7836734693877551,0.7835630423685553,0.7836734693877551,0.7835630423685553,0.7836734693877551,0.7835630423685553,0.7834525025536262,0.7836182699668283,0.24616956077630234,0.19928553202347538,0.01257297562876068,0.0015996604688988767,0.2149301072639425,0.23371652787663716
67,0.4775991439819336,0.10284085273742676,0.7737852184565128,0.7900676160342911,0.01,"(15,)",2,"{'NN__alpha': 0.01, 'NN__hidden_layer_sizes': (15,), 'filter__n': 2}",202,0.7857142857142857,0.7937723328228689,0.7969387755102041,0.7896886166411434,0.7918367346938775,0.7914752424706483,0.7579162410623085,0.7818321000255167,0.7364657814096016,0.7935697882112784,0.018747937066674908,0.0005266063024443435,0.02301397266864452,0.004380386126723326
68,0.45971002578735354,0.10458574295043946,0.7901184156798693,0.7962938113438269,0.01,"(15,)",3,"{'NN__alpha': 0.01, 'NN__hidden_layer_sizes': (15,), 'filter__n': 3}",83,0.7877551020408163,0.7876467585502808,0.7846938775510204,0.8009188361408882,0.8061224489795918,0.7886676875957122,0.7946884576098059,0.8004593008420515,0.7773237997957099,0.8037764735902015,0.0233185036454189,0.0013601666357249886,0.009754314412164641,0.006747765213202158
69,0.4761444091796875,0.1048555850982666,0.7809309922417313,0.7937420097453266,0.01,"(15,)",4,"{'NN__alpha': 0.01, 'NN__hidden_layer_sizes': (15,), 'filter__n': 4}",177,0.7938775510204081,0.796579887697805,0.7877551020408163,0.7955589586523737,0.7816326530612245,0.7825421133231241,0.7783452502553626,0.7968869609594285,0.763023493360572,0.7971421280939015,0.01778556444256975,0.0012592449652656192,0.010410820459760647,0.005625727639967012
70,0.45486674308776853,0.10373826026916504,0.7942017149857085,0.7960391912751856,0.01,"(15,)",5,"{'NN__alpha': 0.01, 'NN__hidden_layer_sizes': (15,), 'filter__n': 5}",56,0.7846938775510204,0.7991322103113834,0.789795918367347,0.7960694231750893,0.8020408163265306,0.7927514037774375,0.7997957099080695,0.7938249553457515,0.7946884576098059,0.798417963766267,0.005626665468120108,0.0009614811531991452,0.006369330315823664,0.0024875138862697765
71,0.5431989669799805,0.1044501781463623,0.7880767660269498,0.7943039635831302,0.01,"(15,)",6,"{'NN__alpha': 0.01, 'NN__hidden_layer_sizes': (15,), 'filter__n': 6}",100,0.7959183673469388,0.7932618683001531,0.7959183673469388,0.7963246554364471,0.8153061224489796,0.796579887697805,0.7814096016343207,0.7943352896146977,0.7517875383043923,0.7910181168665475,0.016833210918876296,0.0015552734330142135,0.021096433566661545,0.00205653877599006
72,0.4709362030029297,0.10428285598754883,0.7878726010616578,0.7914959397946237,0.01,"(15,)",7,"{'NN__alpha': 0.01, 'NN__hidden_layer_sizes': (15,), 'filter__n': 7}",104,0.7877551020408163,0.8032159264931087,0.7826530612244897,0.7720775906074527,0.7928571428571428,0.7876467585502808,0.7814096016343207,0.7841286042357745,0.7946884576098059,0.8104108190865017,0.025515268984238604,0.0016344271832895896,0.0052971040810727305,0.013720764275231678
73,0.48083934783935545,0.10408763885498047,0.7911392405063291,0.800274965707439,0.01,"(15,)",8,"{'NN__alpha': 0.01, 'NN__hidden_layer_sizes': (15,), 'filter__n': 8}",77,0.7959183673469388,0.7901990811638591,0.7857142857142857,0.801174068402246,0.8051020408163265,0.796579887697805,0.7844739530132788,0.8040316407246747,0.7844739530132788,0.8093901505486093,0.008522916359534685,0.001400729182485658,0.00819912952715341,0.006529695833076255
74,0.5009554386138916,0.10339875221252441,0.7968558595345039,0.801501526378798,0.01,"(15,)",9,"{'NN__alpha': 0.01, 'NN__hidden_layer_sizes': (15,), 'filter__n': 9}",43,0.8061224489795918,0.8083205717202654,0.7846938775510204,0.8075548749361919,0.8224489795918367,0.8065339458907606,0.7926455566905005,0.7869354427149783,0.7783452502553626,0.7981627966317938,0.03587591830026992,0.000403636004555955,0.015806978089589724,0.008145987526329748
75,0.43637938499450685,0.10455985069274902,0.7880767660269498,0.7883317631241419,0.01,"(15,)",10,"{'NN__alpha': 0.01, 'NN__hidden_layer_sizes': (15,), 'filter__n': 10}",100,0.7836734693877551,0.7827973455844819,0.7857142857142857,0.787391526288923,0.8010204081632653,0.7907095456865748,0.7824310520939735,0.7848941056391937,0.7875383043922369,0.7958662924215361,0.006413530071752545,0.001764459527796486,0.006704194799956565,0.00459900627181395
76,0.5289797306060791,0.10570268630981446,0.7927725602286647,0.8045626723175963,0.01,"(15,)",11,"{'NN__alpha': 0.01, 'NN__hidden_layer_sizes': (15,), 'filter__n': 11}",64,0.8091836734693878,0.8037263910158244,0.7775510204081633,0.8034711587544666,0.8224489795918367,0.7983665135273098,0.7722165474974464,0.8045419749936208,0.7824310520939735,0.8127073232967594,0.01966303106958196,0.0013265281453105284,0.019552217818021023,0.004617768291723537
77,0.44166221618652346,0.10378212928771972,0.7901184156798693,0.7903725791848485,0.01,"(31,)",1,"{'NN__alpha': 0.01, 'NN__hidden_layer_sizes': (31,), 'filter__n': 1}",83,0.7836734693877551,0.7835630423685553,0.7836734693877551,0.7835630423685553,0.7836734693877551,0.7835630423685553,0.8059244126659857,0.8007144679765246,0.7936670071501533,0.8004593008420515,0.014382686753140576,0.0013026985415374056,0.008796865247575034,0.008340335635052579
78,0.4553004264831543,0.10448579788208008,0.7901184156798693,0.7920576200995113,0.01,"(31,)",2,"{'NN__alpha': 0.01, 'NN__hidden_layer_sizes': (31,), 'filter__n': 2}",83,0.8061224489795918,0.7894333843797856,0.7877551020408163,0.7927514037774375,0.8040816326530612,0.7868810617662072,0.7906026557711952,0.792549119673386,0.7620020429009193,0.79867313090074,0.0141924884232647,0.001578847149584292,0.015793370806528907,0.0039540171996296026
79,0.44347643852233887,0.10483074188232422,0.782360146998775,0.7819518162650747,0.01,"(31,)",3,"{'NN__alpha': 0.01, 'NN__hidden_layer_sizes': (31,), 'filter__n': 3}",165,0.7836734693877551,0.7815211842776927,0.7816326530612245,0.7807554874936192,0.7836734693877551,0.7835630423685553,0.7793667007150153,0.7805562643531513,0.7834525025536262,0.7833631028323552,0.004872830208661967,0.0014936732293228657,0.0016809667207753694,0.0012768704639363915
80,0.49914040565490725,0.10407576560974122,0.791547570436913,0.7956303507434429,0.01,"(31,)",4,"{'NN__alpha': 0.01, 'NN__hidden_layer_sizes': (31,), 'filter__n': 4}",71,0.7948979591836735,0.7958141909137315,0.786734693877551,0.7973455844818785,0.7836734693877551,0.7835630423685553,0.7895812053115424,0.804797142128094,0.8028600612870276,0.7966317938249553,0.018124367245246638,0.0014899501143493712,0.006755560705507783,0.006835622984564505
81,0.48370771408081054,0.10533084869384765,0.7860351163740302,0.7898622579412792,0.01,"(31,)",5,"{'NN__alpha': 0.01, 'NN__hidden_layer_sizes': (31,), 'filter__n': 5}",119,0.786734693877551,0.7830525778458397,0.7857142857142857,0.7845839714139867,0.7806122448979592,0.7833078101071975,0.7824310520939735,0.792293952538913,0.7946884576098059,0.8060729778004593,0.011525385821747247,0.0018921787415086182,0.004854439207339083,0.00878513989695209
82,0.4676486015319824,0.1049881935119629,0.7835851367905268,0.7914956662617076,0.01,"(31,)",6,"{'NN__alpha': 0.01, 'NN__hidden_layer_sizes': (31,), 'filter__n': 6}",139,0.7969387755102041,0.7945380296069423,0.8061224489795918,0.7850944359367024,0.7877551020408163,0.777947932618683,0.7589376915219612,0.7968869609594285,0.7681307456588355,0.8030109721867823,0.012579352273624384,0.0015363191129339903,0.017605353858959494,0.00889315624878219
83,0.4609489917755127,0.10593576431274414,0.7893017558187015,0.8017545313006972,0.01,"(31,)",7,"{'NN__alpha': 0.01, 'NN__hidden_layer_sizes': (31,), 'filter__n': 7}",94,0.786734693877551,0.7922409392547218,0.7928571428571428,0.8019397651863196,0.7959183673469388,0.7858601327207759,0.7957099080694586,0.8124521561622863,0.7752808988764045,0.8162796631793825,0.029370453332176322,0.0012400881064177573,0.007752923925876861,0.011563678352492519
84,0.4447169303894043,0.10548968315124511,0.796039199673336,0.8069105355891724,0.01,"(31,)",8,"{'NN__alpha': 0.01, 'NN__hidden_layer_sizes': (31,), 'filter__n': 8}",49,0.786734693877551,0.7976008167432364,0.7979591836734694,0.8134252169474222,0.8061224489795918,0.8009188361408882,0.797752808988764,0.8119418218933402,0.7916241062308478,0.8106659862209747,0.017387830381670074,0.0017285296893869366,0.006548682674922843,0.0063942106907871644
85,0.4671463966369629,0.10652699470520019,0.7966516945692119,0.8068085729383988,0.01,"(31,)",9,"{'NN__alpha': 0.01, 'NN__hidden_layer_sizes': (31,), 'filter__n': 9}",46,0.8020408163265306,0.8085758039816233,0.8163265306122449,0.810617662072486,0.8030612244897959,0.7947932618683001,0.8008171603677222,0.815003827507017,0.7609805924412666,0.805052309262567,0.007883084046753431,0.0010353032727257096,0.018689030087970876,0.006815374167957292
86,0.43277435302734374,0.10516300201416015,0.8062474479379339,0.8075737747581482,0.01,"(31,)",10,"{'NN__alpha': 0.01, 'NN__hidden_layer_sizes': (31,), 'filter__n': 10}",5,0.8071428571428572,0.8078101071975498,0.7948979591836735,0.8047473200612557,0.8377551020408164,0.7955589586523737,0.8059244126659857,0.8165348303138555,0.7854954034729316,0.8132176575657055,0.008661224095086264,0.0010974695604667156,0.017625498998685544,0.007273987009185431
87,0.48662419319152833,0.10592441558837891,0.8015516537362188,0.806093284363126,0.01,"(31,)",11,"{'NN__alpha': 0.01, 'NN__hidden_layer_sizes': (31,), 'filter__n': 11}",18,0.8010204081632653,0.7947932618683001,0.789795918367347,0.7991322103113834,0.8357142857142857,0.8039816232771823,0.8069458631256384,0.8157693289104363,0.7742594484167518,0.8167899974483287,0.02104284308292396,0.0004234714370989661,0.02039404804948188,0.008816480950900811
88,0.40993342399597166,0.10592317581176758,0.7835851367905268,0.7835851334078645,0.01,"(62,)",1,"{'NN__alpha': 0.01, 'NN__hidden_layer_sizes': (62,), 'filter__n': 1}",139,0.7836734693877551,0.7835630423685553,0.7836734693877551,0.7835630423685553,0.7836734693877551,0.7835630423685553,0.7834525025536262,0.7836182699668283,0.7834525025536262,0.7836182699668283,0.0009885847556832317,0.0018227782495532487,0.00010824013408538259,2.705588709761459e-05
89,0.42313413619995116,0.10547242164611817,0.7792976725193956,0.7860858104018316,0.01,"(62,)",2,"{'NN__alpha': 0.01, 'NN__hidden_layer_sizes': (62,), 'filter__n': 2}",187,0.7836734693877551,0.7833078101071975,0.7836734693877551,0.7845839714139867,0.7836734693877551,0.7835630423685553,0.7844739530132788,0.7833631028323552,0.7609805924412666,0.795611125287063,0.008110271910344772,0.0015999662482653373,0.009160279908969383,0.004785016712694192
90,0.4471400260925293,0.10661258697509765,0.7829726418946509,0.7901681328682232,0.01,"(62,)",3,"{'NN__alpha': 0.01, 'NN__hidden_layer_sizes': (62,), 'filter__n': 3}",160,0.7795918367346939,0.7799897907095457,0.7836734693877551,0.7835630423685553,0.7826530612244897,0.781010719754977,0.7926455566905005,0.7979076294973207,0.7763023493360572,0.808369482010717,0.02812222190088345,0.000581751702169341,0.005477254193638315,0.01115592222286746
91,0.44459805488586424,0.10643310546875,0.7815434871376072,0.7892502085037215,0.01,"(62,)",4,"{'NN__alpha': 0.01, 'NN__hidden_layer_sizes': (62,), 'filter__n': 4}",170,0.786734693877551,0.7822868810617662,0.7765306122448979,0.7830525778458397,0.8010204081632653,0.7924961715160797,0.7701736465781409,0.7774942587394743,0.7732379979570991,0.8109211533554478,0.02905814212944285,0.0013011865009663586,0.011222630304536997,0.011876590725785464
92,0.48496575355529786,0.10680060386657715,0.7939975500204165,0.8000704672893058,0.01,"(62,)",5,"{'NN__alpha': 0.01, 'NN__hidden_layer_sizes': (62,), 'filter__n': 5}",58,0.7846938775510204,0.777947932618683,0.7846938775510204,0.8062787136294027,0.8183673469387756,0.796579887697805,0.797752808988764,0.8076039806072978,0.7844739530132788,0.8119418218933402,0.024193674899482542,0.001066654980380823,0.013206464440557017,0.012147558534980826
93,0.4257043838500977,0.10613298416137695,0.7858309514087383,0.7892500521991981,0.01,"(62,)",6,"{'NN__alpha': 0.01, 'NN__hidden_layer_sizes': (62,), 'filter__n': 6}",123,0.7948979591836735,0.7850944359367024,0.7836734693877551,0.7861153649821337,0.7836734693877551,0.7835630423685553,0.7895812053115424,0.8063281449349324,0.7773237997957099,0.7851492727736668,0.008913483602791534,0.002101091688389434,0.0059655770717836005,0.008578054962180833
94,0.47719526290893555,0.10523719787597656,0.7970600244997958,0.8003272104943899,0.01,"(62,)",7,"{'NN__alpha': 0.01, 'NN__hidden_layer_sizes': (62,), 'filter__n': 7}",40,0.7979591836734694,0.8067891781521185,0.7918367346938775,0.8044920877998979,0.8173469387755102,0.8004083716181726,0.7875383043922369,0.7902526154631283,0.7906026557711952,0.7996937994386323,0.03477056597328588,0.0016802553947870306,0.010696815892276378,0.005674654010897161
95,0.47565999031066897,0.10564818382263183,0.7991016741527154,0.8081358458243442,0.01,"(62,)",8,"{'NN__alpha': 0.01, 'NN__hidden_layer_sizes': (62,), 'filter__n': 8}",30,0.8030612244897959,0.8080653394589076,0.7846938775510204,0.8080653394589076,0.8142857142857143,0.8057682491066871,0.7926455566905005,0.8121969890278132,0.8008171603677222,0.8065833120694055,0.025906944658086656,0.0009836415135291035,0.009985990560387722,0.00221443905727395
96,0.47821221351623533,0.10635805130004883,0.7993058391180073,0.8007866415902111,0.01,"(62,)",9,"{'NN__alpha': 0.01, 'NN__hidden_layer_sizes': (62,), 'filter__n': 9}",27,0.7938775510204081,0.8004083716181726,0.7989795918367347,0.8118938233792752,0.8214285714285714,0.8019397651863196,0.7926455566905005,0.8007144679765246,0.7895812053115424,0.788976779790763,0.04664495679263314,0.0013286346490941504,0.011472076745452552,0.007270767693270659
97,0.4583724498748779,0.10722107887268066,0.8023683135973867,0.8093090806024653,0.01,"(62,)",10,"{'NN__alpha': 0.01, 'NN__hidden_layer_sizes': (62,), 'filter__n': 10}",14,0.8061224489795918,0.8019397651863196,0.7969387755102041,0.8113833588565594,0.8122448979591836,0.798111281265952,0.8059244126659857,0.814748660372544,0.7906026557711952,0.8203623373309518,0.01884489595580186,0.0006523883682892466,0.007644108446072434,0.008194677081371166
98,0.48415422439575195,0.10560321807861328,0.8042057982850143,0.8119124366429384,0.01,"(62,)",11,"{'NN__alpha': 0.01, 'NN__hidden_layer_sizes': (62,), 'filter__n': 11}",11,0.8142857142857143,0.8154670750382849,0.7836734693877551,0.8039816232771823,0.8214285714285714,0.8047473200612557,0.8130745658835546,0.8132176575657055,0.7885597548518897,0.8221485072722633,0.025825965811035797,0.0018959842920319796,0.015122139414386513,0.006831586843171777
99,0.46562604904174804,0.10523653030395508,0.7860351163740302,0.7960899381437875,0.01,"(124,)",1,"{'NN__alpha': 0.01, 'NN__hidden_layer_sizes': (124,), 'filter__n': 1}",119,0.786734693877551,0.7963246554364471,0.7989795918367347,0.8024502297090352,0.7836734693877551,0.7835630423685553,0.7875383043922369,0.7971421280939015,0.7732379979570991,0.8009696351109977,0.026239866867332512,0.0017908639939707195,0.00824161696505814,0.006668584031844929
100,0.44941182136535646,0.10657563209533691,0.7850142915475704,0.7881787930972275,0.01,"(124,)",2,"{'NN__alpha': 0.01, 'NN__hidden_layer_sizes': (124,), 'filter__n': 2}",132,0.7846938775510204,0.7912200102092904,0.7836734693877551,0.7835630423685553,0.789795918367347,0.7886676875957122,0.7834525025536262,0.7841286042357745,0.7834525025536262,0.7933146210768053,0.01306557017785086,0.0022949126717311252,0.0024351557666534656,0.0038359857401153853
101,0.5077442169189453,0.10632295608520508,0.7946100449162924,0.7991014052948938,0.01,"(124,)",3,"{'NN__alpha': 0.01, 'NN__hidden_layer_sizes': (124,), 'filter__n': 3}",54,0.8,0.796579887697805,0.7836734693877551,0.8006636038795304,0.8173469387755102,0.7947932618683001,0.7875383043922369,0.7973972952283745,0.7844739530132788,0.8060729778004593,0.04832479469717276,0.0020534576546671628,0.012794958009545157,0.003971534451909999
102,0.4711862564086914,0.1062469482421875,0.7833809718252348,0.7972635115817093,0.01,"(124,)",4,"{'NN__alpha': 0.01, 'NN__hidden_layer_sizes': (124,), 'filter__n': 4}",152,0.786734693877551,0.7909647779479326,0.7908163265306123,0.8019397651863196,0.7877551020408163,0.7856049004594181,0.7814096016343207,0.798928298035213,0.7701736465781409,0.8088798162796632,0.023253882164528766,0.0016692772095516647,0.007265128582382887,0.008187486247147994
103,0.4893327713012695,0.10644454956054687,0.7999183340138832,0.8067065581861173,0.01,"(124,)",5,"{'NN__alpha': 0.01, 'NN__hidden_layer_sizes': (124,), 'filter__n': 5}",24,0.810204081632653,0.8060234813680449,0.7908163265306123,0.8070444104134763,0.8214285714285714,0.8019397651863196,0.7957099080694586,0.804797142128094,0.7814096016343207,0.8137279918346517,0.022674736486990324,0.0014054833469480548,0.014224364787132996,0.00390511084947018
104,0.47234883308410647,0.10606417655944825,0.7978766843609637,0.801245538645577,0.01,"(124,)",6,"{'NN__alpha': 0.01, 'NN__hidden_layer_sizes': (124,), 'filter__n': 6}",37,0.8122448979591836,0.8057682491066871,0.7969387755102041,0.8118938233792752,0.8010204081632653,0.7886676875957122,0.7895812053115424,0.785659607042613,0.7895812053115424,0.8142383261035978,0.032244460513993774,0.000909009829138063,0.00842428127099956,0.011864038136984448
105,0.4871830463409424,0.10622258186340332,0.8003266639444672,0.8095648469042782,0.01,"(124,)",7,"{'NN__alpha': 0.01, 'NN__hidden_layer_sizes': (124,), 'filter__n': 7}",21,0.7969387755102041,0.8044920877998979,0.7928571428571428,0.8131699846860643,0.8183673469387756,0.8055130168453293,0.7926455566905005,0.811686654758867,0.8008171603677222,0.8129624904312325,0.015442813589264227,0.00144835601492884,0.009508962656361454,0.003773414376698798
106,0.5131442546844482,0.10561814308166503,0.8060432829726419,0.8102285159106934,0.01,"(124,)",8,"{'NN__alpha': 0.01, 'NN__hidden_layer_sizes': (124,), 'filter__n': 8}",8,0.813265306122449,0.8093415007656968,0.7918367346938775,0.8131699846860643,0.8204081632653061,0.8052577845839715,0.8038815117466803,0.808114314876244,0.8008171603677222,0.8152589946414902,0.027280640472831495,0.0011924855977778373,0.009924589738616357,0.003575549373773384
107,0.5222373962402344,0.10542898178100586,0.7980808493262556,0.8107891802361789,0.01,"(124,)",9,"{'NN__alpha': 0.01, 'NN__hidden_layer_sizes': (124,), 'filter__n': 9}",33,0.7887755102040817,0.795048494129658,0.7979591836734694,0.8139356814701378,0.8122448979591836,0.8050025523226135,0.7997957099080695,0.8155141617759633,0.7916241062308478,0.824445011482521,0.07054883008751804,0.0021827004810265555,0.008147940072283281,0.009999619085837798
108,0.5076122760772706,0.10704712867736817,0.8107390771743569,0.8089020115219879,0.01,"(124,)",10,"{'NN__alpha': 0.01, 'NN__hidden_layer_sizes': (124,), 'filter__n': 10}",3,0.8173469387755102,0.812149055640633,0.8010204081632653,0.8164880040837161,0.8326530612244898,0.8062787136294027,0.7906026557711952,0.7976524623628477,0.8120531154239019,0.8119418218933402,0.05771095289568065,0.0018679875474178498,0.014321622113308539,0.006492535311663055
109,0.4851418972015381,0.1073692798614502,0.791547570436913,0.8037967150259838,0.01,"(124,)",11,"{'NN__alpha': 0.01, 'NN__hidden_layer_sizes': (124,), 'filter__n': 11}",71,0.7959183673469388,0.8019397651863196,0.7877551020408163,0.8067891781521185,0.7908163265306123,0.7879019908116386,0.8079673135852911,0.8012248022454708,0.7752808988764045,0.821127838734371,0.037891269664463156,0.0011670218501756598,0.010657585636671395,0.010696054791037525
110,0.412032413482666,0.10674862861633301,0.7835851367905268,0.7835851334078645,1e-05,"(7,)",1,"{'NN__alpha': 1e-05, 'NN__hidden_layer_sizes': (7,), 'filter__n': 1}",139,0.7836734693877551,0.7835630423685553,0.7836734693877551,0.7835630423685553,0.7836734693877551,0.7835630423685553,0.7834525025536262,0.7836182699668283,0.7834525025536262,0.7836182699668283,0.013703130860493924,0.0019361012234984988,0.00010824013408538259,2.705588709761459e-05
111,0.49878320693969724,0.10586404800415039,0.7770518579011841,0.7788388684021419,1e-05,"(7,)",2,"{'NN__alpha': 1e-05, 'NN__hidden_layer_sizes': (7,), 'filter__n': 2}",194,0.7887755102040817,0.7807554874936192,0.7857142857142857,0.7840735068912711,0.7836734693877551,0.7827973455844819,0.7671092951991828,0.7726460831844858,0.7599591419816139,0.7739219188568512,0.023749613589370295,0.0008562230271296111,0.011377241136324079,0.004674855977241402
112,0.4576213836669922,0.10529165267944336,0.7801143323805635,0.7804714561238224,1e-05,"(7,)",3,"{'NN__alpha': 1e-05, 'NN__hidden_layer_sizes': (7,), 'filter__n': 3}",184,0.7826530612244897,0.7817764165390505,0.7795918367346939,0.7825421133231241,0.7714285714285715,0.7738642164369577,0.7834525025536262,0.7815769328910437,0.7834525025536262,0.782597601428936,0.016973747018895795,0.0016658452161523053,0.004570935297453476,0.00332832486224932
113,0.5001786231994629,0.10631036758422852,0.6776235198040016,0.6700353808314123,1e-05,"(7,)",4,"{'NN__alpha': 1e-05, 'NN__hidden_layer_sizes': (7,), 'filter__n': 4}",210,0.7683673469387755,0.7776927003573252,0.7602040816326531,0.7774374680959674,0.813265306122449,0.7881572230729964,0.7875383043922369,0.7994386323041592,0.25842696629213485,0.20745088032661393,0.04957890882879072,0.0007999666084689867,0.2103132543590573,0.2314336613415715
114,0.5225846290588378,0.10643062591552735,0.7658227848101266,0.7822070485264326,1e-05,"(7,)",5,"{'NN__alpha': 1e-05, 'NN__hidden_layer_sizes': (7,), 'filter__n': 5}",206,0.7663265306122449,0.7552322613578356,0.7887755102040817,0.8034711587544666,0.7795918367346939,0.7884124553343542,0.7528089887640449,0.767032406226078,0.7415730337078652,0.7968869609594285,0.03281456749246142,0.0008059869268544346,0.017169194491954663,0.01824323544888363
115,0.5165418148040771,0.10357379913330078,0.7874642711310739,0.7951209412762603,1e-05,"(7,)",6,"{'NN__alpha': 1e-05, 'NN__hidden_layer_sizes': (7,), 'filter__n': 6}",108,0.7928571428571428,0.7991322103113834,0.7846938775510204,0.8039816232771823,0.8122448979591836,0.7917304747320061,0.7854954034729316,0.7905077825976015,0.7620020429009193,0.7902526154631283,0.03875591289222646,0.0006964410829800849,0.01614252399545548,0.005496891074027196
116,0.40550899505615234,0.10515060424804687,0.21641486320947326,0.21641486659213544,1e-05,"(7,)",7,"{'NN__alpha': 1e-05, 'NN__hidden_layer_sizes': (7,), 'filter__n': 7}",216,0.2163265306122449,0.2164369576314446,0.2163265306122449,0.2164369576314446,0.2163265306122449,0.2164369576314446,0.21654749744637386,0.21638173003317174,0.21654749744637386,0.21638173003317174,0.008860368388982243,0.0017297915039734353,0.00010824013408542338,2.70558870975874e-05
117,0.445171594619751,0.10465335845947266,0.7809309922417313,0.7938947192647018,1e-05,"(7,)",8,"{'NN__alpha': 1e-05, 'NN__hidden_layer_sizes': (7,), 'filter__n': 8}",177,0.7581632653061224,0.7534456355283308,0.786734693877551,0.8113833588565594,0.8,0.8021949974476774,0.7865168539325843,0.8091349834141363,0.7732379979570991,0.7933146210768053,0.02065607958868862,0.0010900833365836762,0.014187191059750576,0.021182434577039368
118,0.4621280670166016,0.10658798217773438,0.7833809718252348,0.7940476111393545,1e-05,"(7,)",9,"{'NN__alpha': 1e-05, 'NN__hidden_layer_sizes': (7,), 'filter__n': 9}",152,0.7887755102040817,0.7983665135273098,0.7795918367346939,0.7850944359367024,0.7775510204081633,0.77947932618683,0.7906026557711952,0.8063281449349324,0.780388151174668,0.8009696351109977,0.019692924824350682,0.0018877114528669582,0.00526404429242403,0.010097258208764967
119,0.45801167488098143,0.10658173561096192,0.7766435279706002,0.7847579643993002,1e-05,"(7,)",10,"{'NN__alpha': 1e-05, 'NN__hidden_layer_sizes': (7,), 'filter__n': 10}",198,0.773469387755102,0.7682491066870852,0.7806122448979592,0.781010719754977,0.7979591836734694,0.7830525778458397,0.7875383043922369,0.8042868078591477,0.7436159346271706,0.7871906098494514,0.025579515387849153,0.0016504827410881583,0.018380187066534593,0.01163431183567523
120,0.4690606117248535,0.10576701164245605,0.7886892609228257,0.8022146136653658,1e-05,"(7,)",11,"{'NN__alpha': 1e-05, 'NN__hidden_layer_sizes': (7,), 'filter__n': 11}",96,0.7653061224489796,0.7853496681980602,0.7959183673469388,0.809086268504339,0.8122448979591836,0.8009188361408882,0.7997957099080695,0.8096453176830825,0.7701736465781409,0.8060729778004593,0.03735453871522082,0.0014678264016635164,0.018001477730267786,0.008982509685294005
121,0.4280072212219238,0.10568461418151856,0.676194365046958,0.6667185858191939,1e-05,"(15,)",1,"{'NN__alpha': 1e-05, 'NN__hidden_layer_sizes': (15,), 'filter__n': 1}",212,0.7836734693877551,0.7835630423685553,0.7836734693877551,0.7835630423685553,0.7836734693877551,0.7835630423685553,0.7834525025536262,0.7836182699668283,0.24616956077630234,0.19928553202347538,0.007947042219779082,0.0020011067316231244,0.2149301072639425,0.23371652787663716
122,0.45888395309448243,0.10735640525817872,0.7737852184565128,0.789506105059304,1e-05,"(15,)",2,"{'NN__alpha': 1e-05, 'NN__hidden_layer_sizes': (15,), 'filter__n': 2}",202,0.7857142857142857,0.7909647779479326,0.7969387755102041,0.7896886166411434,0.7918367346938775,0.7914752424706483,0.7579162410623085,0.7818321000255167,0.7364657814096016,0.7935697882112784,0.014751571782597268,0.00096185284637391,0.02301397266864452,0.004035899236515069
123,0.43992176055908205,0.10433077812194824,0.7901184156798693,0.7962938373945809,1e-05,"(15,)",3,"{'NN__alpha': 1e-05, 'NN__hidden_layer_sizes': (15,), 'filter__n': 3}",83,0.7877551020408163,0.7881572230729964,0.7846938775510204,0.8009188361408882,0.8061224489795918,0.7886676875957122,0.7946884576098059,0.7999489665731054,0.7773237997957099,0.8037764735902015,0.0179815425885398,0.000843936033975612,0.009754314412164641,0.006559010299184743
124,0.4575031757354736,0.10698723793029785,0.7809309922417313,0.7935889094646427,1e-05,"(15,)",4,"{'NN__alpha': 1e-05, 'NN__hidden_layer_sizes': (15,), 'filter__n': 4}",177,0.7938775510204081,0.796579887697805,0.7877551020408163,0.7955589586523737,0.7816326530612245,0.7825421133231241,0.7783452502553626,0.7968869609594285,0.763023493360572,0.7963766266904823,0.016114010745938278,0.0015213812912955136,0.010410820459760647,0.005540889108782131
125,0.4415571689605713,0.10641846656799317,0.7954267047774601,0.7969577929592888,1e-05,"(15,)",5,"{'NN__alpha': 1e-05, 'NN__hidden_layer_sizes': (15,), 'filter__n': 5}",52,0.7846938775510204,0.7991322103113834,0.789795918367347,0.7960694231750893,0.8020408163265306,0.7927514037774375,0.8059244126659857,0.798417963766267,0.7946884576098059,0.798417963766267,0.012899231915795338,0.001788480227720722,0.007764054375602289,0.0023441501323450647
126,0.518186378479004,0.10522298812866211,0.7868517762351981,0.7909859441854783,1e-05,"(15,)",6,"{'NN__alpha': 1e-05, 'NN__hidden_layer_sizes': (15,), 'filter__n': 6}",112,0.7959183673469388,0.7932618683001531,0.789795918367347,0.7797345584481878,0.8153061224489796,0.796579887697805,0.7814096016343207,0.7943352896146977,0.7517875383043923,0.7910181168665475,0.016427248998706158,0.001352415131207515,0.02078093076854937,0.005903979428991991
127,0.4530166149139404,0.10476293563842773,0.7878726010616578,0.7914959397946237,1e-05,"(15,)",7,"{'NN__alpha': 1e-05, 'NN__hidden_layer_sizes': (15,), 'filter__n': 7}",104,0.7877551020408163,0.8032159264931087,0.7826530612244897,0.7720775906074527,0.7928571428571428,0.7876467585502808,0.7814096016343207,0.7841286042357745,0.7946884576098059,0.8104108190865017,0.030172598823852644,0.0012606954198633392,0.0052971040810727305,0.013720764275231678
128,0.4657121658325195,0.10632801055908203,0.7909350755410371,0.8001728858282726,1e-05,"(15,)",8,"{'NN__alpha': 1e-05, 'NN__hidden_layer_sizes': (15,), 'filter__n': 8}",79,0.7959183673469388,0.7901990811638591,0.7857142857142857,0.801174068402246,0.8051020408163265,0.7963246554364471,0.7834525025536262,0.8040316407246747,0.7844739530132788,0.8091349834141363,0.017061502865141347,0.0013191815161533982,0.008373423579814144,0.006488408212619251
129,0.47379536628723146,0.1064767837524414,0.7968558595345039,0.8014504799265264,1e-05,"(15,)",9,"{'NN__alpha': 1e-05, 'NN__hidden_layer_sizes': (15,), 'filter__n': 9}",43,0.8061224489795918,0.8085758039816233,0.7846938775510204,0.8075548749361919,0.8224489795918367,0.8060234813680449,0.7926455566905005,0.7866802755805052,0.7783452502553626,0.798417963766267,0.03201995545658791,0.0012504512395100887,0.015806978089589724,0.0082012354458796
130,0.4205948352813721,0.1066744327545166,0.7880767660269498,0.7883317631241419,1e-05,"(15,)",10,"{'NN__alpha': 1e-05, 'NN__hidden_layer_sizes': (15,), 'filter__n': 10}",100,0.7836734693877551,0.7827973455844819,0.7857142857142857,0.787391526288923,0.8010204081632653,0.7907095456865748,0.7824310520939735,0.7848941056391937,0.7875383043922369,0.7958662924215361,0.005070219392837699,0.0010699442760012828,0.006704194799956565,0.00459900627181395
131,0.5109548091888427,0.10631012916564941,0.7927725602286647,0.8045116258653247,1e-05,"(15,)",11,"{'NN__alpha': 1e-05, 'NN__hidden_layer_sizes': (15,), 'filter__n': 11}",64,0.8091836734693878,0.8037263910158244,0.7775510204081633,0.8032159264931087,0.8224489795918367,0.7983665135273098,0.7722165474974464,0.8045419749936208,0.7824310520939735,0.8127073232967594,0.024172364109505316,0.0016763881252969159,0.019552217818021023,0.004630944044923621
132,0.41939563751220704,0.10533957481384278,0.7901184156798693,0.7903725791848485,1e-05,"(31,)",1,"{'NN__alpha': 1e-05, 'NN__hidden_layer_sizes': (31,), 'filter__n': 1}",83,0.7836734693877551,0.7835630423685553,0.7836734693877551,0.7835630423685553,0.7836734693877551,0.7835630423685553,0.8059244126659857,0.8007144679765246,0.7936670071501533,0.8004593008420515,0.011444085364935975,0.0007516321733033433,0.008796865247575034,0.008340335635052579
133,0.424115514755249,0.10597114562988282,0.7901184156798693,0.7920065606218627,1e-05,"(31,)",2,"{'NN__alpha': 1e-05, 'NN__hidden_layer_sizes': (31,), 'filter__n': 2}",83,0.8061224489795918,0.7894333843797856,0.7877551020408163,0.7922409392547218,0.8040816326530612,0.7868810617662072,0.7906026557711952,0.792549119673386,0.7620020429009193,0.798928298035213,0.003703190831411876,0.00136562472065829,0.015793370806528907,0.0040286902829435875
134,0.4122015953063965,0.10523300170898438,0.782360146998775,0.7819518162650747,1e-05,"(31,)",3,"{'NN__alpha': 1e-05, 'NN__hidden_layer_sizes': (31,), 'filter__n': 3}",165,0.7836734693877551,0.7815211842776927,0.7816326530612245,0.7807554874936192,0.7836734693877551,0.7835630423685553,0.7793667007150153,0.7805562643531513,0.7834525025536262,0.7833631028323552,0.0035535801974068745,0.001485715206794439,0.0016809667207753694,0.0012768704639363915
135,0.45856337547302245,0.10438299179077148,0.791547570436913,0.7954772504627591,1e-05,"(31,)",4,"{'NN__alpha': 1e-05, 'NN__hidden_layer_sizes': (31,), 'filter__n': 4}",71,0.7948979591836735,0.7958141909137315,0.786734693877551,0.7973455844818785,0.7836734693877551,0.7835630423685553,0.7895812053115424,0.8040316407246747,0.8028600612870276,0.7966317938249553,0.015221202060250997,0.0013599467394373916,0.006755560705507783,0.006634201059884131
136,0.449936056137085,0.10610990524291992,0.7860351163740302,0.7898622579412792,1e-05,"(31,)",5,"{'NN__alpha': 1e-05, 'NN__hidden_layer_sizes': (31,), 'filter__n': 5}",119,0.786734693877551,0.7830525778458397,0.7857142857142857,0.7845839714139867,0.7806122448979592,0.7833078101071975,0.7824310520939735,0.792293952538913,0.7946884576098059,0.8060729778004593,0.02125042566381136,0.001068440758113127,0.004854439207339083,0.00878513989695209
137,0.4332887649536133,0.10539560317993164,0.7835851367905268,0.7914956792870845,1e-05,"(31,)",6,"{'NN__alpha': 1e-05, 'NN__hidden_layer_sizes': (31,), 'filter__n': 6}",139,0.7969387755102041,0.7945380296069423,0.8061224489795918,0.7853496681980602,0.7877551020408163,0.777947932618683,0.7589376915219612,0.7968869609594285,0.7681307456588355,0.8027558050523093,0.012198900620431974,0.0015945001318512174,0.017605353858959494,0.008791213089051625
138,0.4481828689575195,0.10544657707214355,0.7905267456104532,0.7999683613593858,1e-05,"(31,)",7,"{'NN__alpha': 1e-05, 'NN__hidden_layer_sizes': (31,), 'filter__n': 7}",81,0.786734693877551,0.791985706993364,0.7928571428571428,0.8021949974476774,0.7959183673469388,0.7858601327207759,0.7967313585291114,0.8065833120694055,0.780388151174668,0.8132176575657055,0.020914604098632644,0.002014130523041001,0.006166064093332895,0.009869389212865495
139,0.44424996376037595,0.10614080429077148,0.796039199673336,0.8069105486145493,1e-05,"(31,)",8,"{'NN__alpha': 1e-05, 'NN__hidden_layer_sizes': (31,), 'filter__n': 8}",49,0.786734693877551,0.7976008167432364,0.7979591836734694,0.8134252169474222,0.8061224489795918,0.801174068402246,0.797752808988764,0.8119418218933402,0.7916241062308478,0.8104108190865017,0.021016902148703193,0.00157424413054716,0.006548682674922843,0.006317987344272242
140,0.4695600032806396,0.10525293350219726,0.7966516945692119,0.8066554335815841,1e-05,"(31,)",9,"{'NN__alpha': 1e-05, 'NN__hidden_layer_sizes': (31,), 'filter__n': 9}",46,0.8020408163265306,0.8085758039816233,0.8163265306122449,0.8098519652884124,0.8030612244897959,0.7947932618683001,0.8008171603677222,0.815003827507017,0.7609805924412666,0.805052309262567,0.00956906169837345,0.0020555463086738943,0.018689030087970876,0.006736207299333503
141,0.4371422290802002,0.10533132553100585,0.8062474479379339,0.8075737747581482,1e-05,"(31,)",10,"{'NN__alpha': 1e-05, 'NN__hidden_layer_sizes': (31,), 'filter__n': 10}",5,0.8071428571428572,0.8078101071975498,0.7948979591836735,0.8047473200612557,0.8377551020408164,0.7955589586523737,0.8059244126659857,0.8165348303138555,0.7854954034729316,0.8132176575657055,0.011773703550294072,0.0019183091586187217,0.017625498998685544,0.007273987009185431
142,0.508565616607666,0.10545978546142579,0.8013474887709269,0.8060422248854776,1e-05,"(31,)",11,"{'NN__alpha': 1e-05, 'NN__hidden_layer_sizes': (31,), 'filter__n': 11}",19,0.8010204081632653,0.7942827973455845,0.789795918367347,0.7991322103113834,0.8357142857142857,0.8039816232771823,0.8069458631256384,0.8157693289104363,0.7732379979570991,0.8170451645828017,0.04384971161389647,0.001661336021944804,0.020669501232800574,0.009010657591581423
143,0.41835951805114746,0.10467486381530762,0.7835851367905268,0.7835851334078645,1e-05,"(62,)",1,"{'NN__alpha': 1e-05, 'NN__hidden_layer_sizes': (62,), 'filter__n': 1}",139,0.7836734693877551,0.7835630423685553,0.7836734693877551,0.7835630423685553,0.7836734693877551,0.7835630423685553,0.7834525025536262,0.7836182699668283,0.7834525025536262,0.7836182699668283,0.008486117537996132,0.0018164052937417628,0.00010824013408538259,2.705588709761459e-05
144,0.4213054656982422,0.10654597282409668,0.7792976725193956,0.7862389106825154,1e-05,"(62,)",2,"{'NN__alpha': 1e-05, 'NN__hidden_layer_sizes': (62,), 'filter__n': 2}",187,0.7836734693877551,0.7833078101071975,0.7836734693877551,0.7845839714139867,0.7836734693877551,0.7835630423685553,0.7844739530132788,0.7838734371013013,0.7609805924412666,0.7958662924215361,0.008633266174359716,0.0011926584084971422,0.009160279908969383,0.004832647105077149
145,0.48629002571105956,0.10703182220458984,0.7829726418946509,0.7901681328682232,1e-05,"(62,)",3,"{'NN__alpha': 1e-05, 'NN__hidden_layer_sizes': (62,), 'filter__n': 3}",160,0.7795918367346939,0.7799897907095457,0.7836734693877551,0.7835630423685553,0.7826530612244897,0.781010719754977,0.7926455566905005,0.7979076294973207,0.7763023493360572,0.808369482010717,0.04530345817233836,0.001108952151968407,0.005477254193638315,0.01115592222286746
146,0.4791912078857422,0.10621118545532227,0.7815434871376072,0.789301254955993,1e-05,"(62,)",4,"{'NN__alpha': 1e-05, 'NN__hidden_layer_sizes': (62,), 'filter__n': 4}",170,0.786734693877551,0.7822868810617662,0.7765306122448979,0.7830525778458397,0.8010204081632653,0.7927514037774375,0.7701736465781409,0.7774942587394743,0.7732379979570991,0.8109211533554478,0.0662552705747267,0.000857815734421562,0.011222630304536997,0.011890972206718108
147,0.5136489391326904,0.10693163871765136,0.7939975500204165,0.8000704672893058,1e-05,"(62,)",5,"{'NN__alpha': 1e-05, 'NN__hidden_layer_sizes': (62,), 'filter__n': 5}",58,0.7846938775510204,0.777947932618683,0.7846938775510204,0.8062787136294027,0.8183673469387756,0.796579887697805,0.797752808988764,0.8076039806072978,0.7844739530132788,0.8119418218933402,0.048899992560423454,0.0014175813948281624,0.013206464440557017,0.012147558534980826
148,0.43404698371887207,0.10607614517211914,0.7858309514087383,0.7892500521991981,1e-05,"(62,)",6,"{'NN__alpha': 1e-05, 'NN__hidden_layer_sizes': (62,), 'filter__n': 6}",123,0.7948979591836735,0.7850944359367024,0.7836734693877551,0.7861153649821337,0.7836734693877551,0.7835630423685553,0.7895812053115424,0.8063281449349324,0.7773237997957099,0.7851492727736668,0.00952558139645014,0.0013705400772451258,0.0059655770717836005,0.008578054962180833
149,0.4745043754577637,0.10615119934082032,0.7970600244997958,0.8002761770674953,1e-05,"(62,)",7,"{'NN__alpha': 1e-05, 'NN__hidden_layer_sizes': (62,), 'filter__n': 7}",40,0.7979591836734694,0.8067891781521185,0.7918367346938775,0.8044920877998979,0.8173469387755102,0.8004083716181726,0.7875383043922369,0.7902526154631283,0.7906026557711952,0.7994386323041592,0.025895386428058154,0.0010092457623570009,0.010696815892276378,0.005681264477178488
150,0.4832347869873047,0.10631165504455567,0.7991016741527154,0.8080847993720726,1e-05,"(62,)",8,"{'NN__alpha': 1e-05, 'NN__hidden_layer_sizes': (62,), 'filter__n': 8}",30,0.8030612244897959,0.8078101071975498,0.7846938775510204,0.8080653394589076,0.8142857142857143,0.8057682491066871,0.7926455566905005,0.8121969890278132,0.8008171603677222,0.8065833120694055,0.024617585721839183,0.0012386575159658844,0.009985990560387722,0.0022184141856683563
151,0.48468518257141113,0.10716438293457031,0.7993058391180073,0.8007355951379396,1e-05,"(62,)",9,"{'NN__alpha': 1e-05, 'NN__hidden_layer_sizes': (62,), 'filter__n': 9}",27,0.7938775510204081,0.8006636038795304,0.7989795918367347,0.8118938233792752,0.8214285714285714,0.8014293006636038,0.7926455566905005,0.8007144679765246,0.7895812053115424,0.788976779790763,0.04772485516273021,0.0011418555498348558,0.011472076745452552,0.0072562063409099585
152,0.4683219909667969,0.1066126823425293,0.8021641486320947,0.8094111735070084,1e-05,"(62,)",10,"{'NN__alpha': 1e-05, 'NN__hidden_layer_sizes': (62,), 'filter__n': 10}",15,0.8061224489795918,0.8019397651863196,0.7969387755102041,0.8118938233792752,0.8122448979591836,0.798111281265952,0.804902962206333,0.814748660372544,0.7906026557711952,0.8203623373309518,0.018334523192682785,0.0014486494465004234,0.007559576265510862,0.008223014197735792
153,0.4882537841796875,0.10714168548583984,0.8042057982850143,0.811963457044456,1e-05,"(62,)",11,"{'NN__alpha': 1e-05, 'NN__hidden_layer_sizes': (62,), 'filter__n': 11}",11,0.8142857142857143,0.8154670750382849,0.7836734693877551,0.8037263910158244,0.8214285714285714,0.8047473200612557,0.8130745658835546,0.8132176575657055,0.7885597548518897,0.8226588415412095,0.02588168744903133,0.0014937551345193393,0.015122139414386513,0.007045019478297077
154,0.4666322708129883,0.10541377067565919,0.7868517762351981,0.7971108671892188,1e-05,"(124,)",1,"{'NN__alpha': 1e-05, 'NN__hidden_layer_sizes': (124,), 'filter__n': 1}",112,0.7908163265306123,0.8014293006636038,0.7989795918367347,0.8024502297090352,0.7836734693877551,0.7835630423685553,0.7875383043922369,0.7971421280939015,0.7732379979570991,0.8009696351109977,0.02906075162143965,0.002135253253796782,0.008469548757725022,0.007008456096465275
155,0.4536797046661377,0.10597071647644044,0.7852184565128624,0.7881787930972275,1e-05,"(124,)",2,"{'NN__alpha': 1e-05, 'NN__hidden_layer_sizes': (124,), 'filter__n': 2}",130,0.7846938775510204,0.7912200102092904,0.7836734693877551,0.7835630423685553,0.7908163265306123,0.7886676875957122,0.7834525025536262,0.7841286042357745,0.7834525025536262,0.7933146210768053,0.014165253180179369,0.0019093739223541505,0.0028370959129798905,0.0038359857401153853
156,0.5423600673675537,0.10521178245544434,0.7925683952633729,0.8003265201494116,1e-05,"(124,)",3,"{'NN__alpha': 1e-05, 'NN__hidden_layer_sizes': (124,), 'filter__n': 3}",67,0.7908163265306123,0.802705461970393,0.7836734693877551,0.8006636038795304,0.8173469387755102,0.7947932618683001,0.7875383043922369,0.7976524623628477,0.7834525025536262,0.8058178106659862,0.06018615250571596,0.0013433398280220355,0.012686881837988958,0.003839135147856078
157,0.48076438903808594,0.1076268196105957,0.7833809718252348,0.7972124781548147,1e-05,"(124,)",4,"{'NN__alpha': 1e-05, 'NN__hidden_layer_sizes': (124,), 'filter__n': 4}",152,0.786734693877551,0.7909647779479326,0.7908163265306123,0.8019397651863196,0.7877551020408163,0.7856049004594181,0.7814096016343207,0.79867313090074,0.7701736465781409,0.8088798162796632,0.023154676435004608,0.0009786293111773657,0.007265128582382887,0.008177739857340778
158,0.49480295181274414,0.10790820121765136,0.7999183340138832,0.8067065581861173,1e-05,"(124,)",5,"{'NN__alpha': 1e-05, 'NN__hidden_layer_sizes': (124,), 'filter__n': 5}",24,0.810204081632653,0.8060234813680449,0.7908163265306123,0.8070444104134763,0.8214285714285714,0.8019397651863196,0.7957099080694586,0.804797142128094,0.7814096016343207,0.8137279918346517,0.022799409628414286,0.0016077702630656414,0.014224364787132996,0.00390511084947018
159,0.4750864505767822,0.10656676292419434,0.7978766843609637,0.8011944921933054,1e-05,"(124,)",6,"{'NN__alpha': 1e-05, 'NN__hidden_layer_sizes': (124,), 'filter__n': 6}",37,0.8122448979591836,0.8057682491066871,0.7969387755102041,0.8116385911179173,0.8010204081632653,0.7886676875957122,0.7895812053115424,0.785659607042613,0.7895812053115424,0.8142383261035978,0.029983605785178835,0.0012972473733964386,0.00842428127099956,0.01181857476856298
160,0.494126033782959,0.10746798515319825,0.8003266639444672,0.8095648469042782,1e-05,"(124,)",7,"{'NN__alpha': 1e-05, 'NN__hidden_layer_sizes': (124,), 'filter__n': 7}",21,0.7969387755102041,0.8044920877998979,0.7928571428571428,0.8131699846860643,0.8183673469387756,0.8055130168453293,0.7926455566905005,0.811686654758867,0.8008171603677222,0.8129624904312325,0.014231851842657505,0.0016065335294246923,0.009508962656361454,0.003773414376698798
161,0.51741623878479,0.1063621997833252,0.8060432829726419,0.8101774564330448,1e-05,"(124,)",8,"{'NN__alpha': 1e-05, 'NN__hidden_layer_sizes': (124,), 'filter__n': 8}",8,0.813265306122449,0.8093415007656968,0.7928571428571428,0.8129147524247065,0.8204081632653061,0.8050025523226135,0.8028600612870276,0.808369482010717,0.8008171603677222,0.8152589946414902,0.029142899979150053,0.0016694544077443829,0.009695159333237311,0.003579442578155956
162,0.5296889781951905,0.10787577629089355,0.7980808493262556,0.8108402136630734,1e-05,"(124,)",9,"{'NN__alpha': 1e-05, 'NN__hidden_layer_sizes': (124,), 'filter__n': 9}",33,0.7887755102040817,0.795048494129658,0.7979591836734694,0.8139356814701378,0.8122448979591836,0.8050025523226135,0.7997957099080695,0.8155141617759633,0.7916241062308478,0.8247001786169942,0.07811655347539162,0.0007953167862225688,0.008147940072283281,0.010069588235657168
163,0.5074563980102539,0.10751943588256836,0.8115557370355247,0.808646792286007,1e-05,"(124,)",10,"{'NN__alpha': 1e-05, 'NN__hidden_layer_sizes': (124,), 'filter__n': 10}",1,0.8173469387755102,0.812149055640633,0.8051020408163265,0.8147013782542113,0.8326530612244898,0.8070444104134763,0.7906026557711952,0.7976524623628477,0.8120531154239019,0.811686654758867,0.057053509347260264,0.0010543286376988583,0.013852853078434212,0.006026732810240158
164,0.48848581314086914,0.10850057601928711,0.791547570436913,0.8037456685737121,1e-05,"(124,)",11,"{'NN__alpha': 1e-05, 'NN__hidden_layer_sizes': (124,), 'filter__n': 11}",71,0.7959183673469388,0.8016845329249617,0.7877551020408163,0.8067891781521185,0.7908163265306123,0.7879019908116386,0.8079673135852911,0.8012248022454708,0.7752808988764045,0.821127838734371,0.03638125011264258,0.0009571297344806892,0.010657585636671395,0.010705400153976365
165,0.41035032272338867,0.10491905212402344,0.7835851367905268,0.7835851334078645,1e-08,"(7,)",1,"{'NN__alpha': 1e-08, 'NN__hidden_layer_sizes': (7,), 'filter__n': 1}",139,0.7836734693877551,0.7835630423685553,0.7836734693877551,0.7835630423685553,0.7836734693877551,0.7835630423685553,0.7834525025536262,0.7836182699668283,0.7834525025536262,0.7836182699668283,0.0028806574264065125,0.001402283356939341,0.00010824013408538259,2.705588709761459e-05
166,0.479807710647583,0.10592231750488282,0.7770518579011841,0.7788388684021419,1e-08,"(7,)",2,"{'NN__alpha': 1e-08, 'NN__hidden_layer_sizes': (7,), 'filter__n': 2}",194,0.7887755102040817,0.7807554874936192,0.7857142857142857,0.7840735068912711,0.7836734693877551,0.7827973455844819,0.7671092951991828,0.7726460831844858,0.7599591419816139,0.7739219188568512,0.015268004633845244,0.0011178747313044608,0.011377241136324079,0.004674855977241402
167,0.4473560333251953,0.1067011833190918,0.7801143323805635,0.7804714561238224,1e-08,"(7,)",3,"{'NN__alpha': 1e-08, 'NN__hidden_layer_sizes': (7,), 'filter__n': 3}",184,0.7826530612244897,0.7817764165390505,0.7795918367346939,0.7825421133231241,0.7714285714285715,0.7738642164369577,0.7834525025536262,0.7815769328910437,0.7834525025536262,0.782597601428936,0.006745966197557156,0.0013416850456873506,0.004570935297453476,0.00332832486224932
168,0.4913828372955322,0.10561819076538086,0.6776235198040016,0.6700353808314123,1e-08,"(7,)",4,"{'NN__alpha': 1e-08, 'NN__hidden_layer_sizes': (7,), 'filter__n': 4}",210,0.7683673469387755,0.7776927003573252,0.7602040816326531,0.7774374680959674,0.813265306122449,0.7881572230729964,0.7875383043922369,0.7994386323041592,0.25842696629213485,0.20745088032661393,0.046924070833576796,0.0010970713070123854,0.2103132543590573,0.2314336613415715
169,0.5035476684570312,0.10662994384765626,0.7658227848101266,0.7822070485264326,1e-08,"(7,)",5,"{'NN__alpha': 1e-08, 'NN__hidden_layer_sizes': (7,), 'filter__n': 5}",206,0.7663265306122449,0.7552322613578356,0.7887755102040817,0.8034711587544666,0.7795918367346939,0.7884124553343542,0.7528089887640449,0.767032406226078,0.7415730337078652,0.7968869609594285,0.025572022105583965,0.00145627731414919,0.017169194491954663,0.01824323544888363
170,0.47788333892822266,0.10520024299621582,0.7874642711310739,0.7951209412762603,1e-08,"(7,)",6,"{'NN__alpha': 1e-08, 'NN__hidden_layer_sizes': (7,), 'filter__n': 6}",108,0.7928571428571428,0.7991322103113834,0.7846938775510204,0.8039816232771823,0.8122448979591836,0.7917304747320061,0.7854954034729316,0.7905077825976015,0.7620020429009193,0.7902526154631283,0.008219557992765041,0.0012023447138105202,0.01614252399545548,0.005496891074027196
171,0.40681657791137693,0.10735816955566406,0.21641486320947326,0.21641486659213544,1e-08,"(7,)",7,"{'NN__alpha': 1e-08, 'NN__hidden_layer_sizes': (7,), 'filter__n': 7}",216,0.2163265306122449,0.2164369576314446,0.2163265306122449,0.2164369576314446,0.2163265306122449,0.2164369576314446,0.21654749744637386,0.21638173003317174,0.21654749744637386,0.21638173003317174,0.001833794492354561,0.0009536849903463027,0.00010824013408542338,2.70558870975874e-05
172,0.44574480056762694,0.10637521743774414,0.7809309922417313,0.7938947192647018,1e-08,"(7,)",8,"{'NN__alpha': 1e-08, 'NN__hidden_layer_sizes': (7,), 'filter__n': 8}",177,0.7581632653061224,0.7534456355283308,0.786734693877551,0.8113833588565594,0.8,0.8021949974476774,0.7865168539325843,0.8091349834141363,0.7732379979570991,0.7933146210768053,0.02331385803860672,0.0006505921522203591,0.014187191059750576,0.021182434577039368
173,0.46253433227539065,0.10578360557556152,0.7833809718252348,0.7940476111393545,1e-08,"(7,)",9,"{'NN__alpha': 1e-08, 'NN__hidden_layer_sizes': (7,), 'filter__n': 9}",152,0.7887755102040817,0.7983665135273098,0.7795918367346939,0.7850944359367024,0.7775510204081633,0.77947932618683,0.7906026557711952,0.8063281449349324,0.780388151174668,0.8009696351109977,0.022468958969047,0.00142742076298937,0.00526404429242403,0.010097258208764967
174,0.45694966316223146,0.10543570518493653,0.7766435279706002,0.7847579643993002,1e-08,"(7,)",10,"{'NN__alpha': 1e-08, 'NN__hidden_layer_sizes': (7,), 'filter__n': 10}",198,0.773469387755102,0.7682491066870852,0.7806122448979592,0.781010719754977,0.7979591836734694,0.7830525778458397,0.7875383043922369,0.8042868078591477,0.7436159346271706,0.7871906098494514,0.020183241516519537,0.0015694894206989799,0.018380187066534593,0.01163431183567523
175,0.4586023807525635,0.10504555702209473,0.7886892609228257,0.8022146136653658,1e-08,"(7,)",11,"{'NN__alpha': 1e-08, 'NN__hidden_layer_sizes': (7,), 'filter__n': 11}",96,0.7653061224489796,0.7853496681980602,0.7959183673469388,0.809086268504339,0.8122448979591836,0.8009188361408882,0.7997957099080695,0.8096453176830825,0.7701736465781409,0.8060729778004593,0.026812060662748098,0.0016847308203236631,0.018001477730267786,0.008982509685294005
176,0.4287579536437988,0.10532684326171875,0.676194365046958,0.6667185858191939,1e-08,"(15,)",1,"{'NN__alpha': 1e-08, 'NN__hidden_layer_sizes': (15,), 'filter__n': 1}",212,0.7836734693877551,0.7835630423685553,0.7836734693877551,0.7835630423685553,0.7836734693877551,0.7835630423685553,0.7834525025536262,0.7836182699668283,0.24616956077630234,0.19928553202347538,0.01026786542323703,0.0015208409139192574,0.2149301072639425,0.23371652787663716
177,0.457102108001709,0.10544915199279785,0.7737852184565128,0.789506105059304,1e-08,"(15,)",2,"{'NN__alpha': 1e-08, 'NN__hidden_layer_sizes': (15,), 'filter__n': 2}",202,0.7857142857142857,0.7909647779479326,0.7969387755102041,0.7896886166411434,0.7918367346938775,0.7914752424706483,0.7579162410623085,0.7818321000255167,0.7364657814096016,0.7935697882112784,0.01595189378910993,0.0013841312726667156,0.02301397266864452,0.004035899236515069
178,0.4417243957519531,0.1073493480682373,0.7901184156798693,0.7962938373945809,1e-08,"(15,)",3,"{'NN__alpha': 1e-08, 'NN__hidden_layer_sizes': (15,), 'filter__n': 3}",83,0.7877551020408163,0.7881572230729964,0.7846938775510204,0.8009188361408882,0.8061224489795918,0.7886676875957122,0.7946884576098059,0.7999489665731054,0.7773237997957099,0.8037764735902015,0.017609069263057622,0.0006969871897223266,0.009754314412164641,0.006559010299184743
179,0.4591217517852783,0.10602645874023438,0.7809309922417313,0.7935889094646427,1e-08,"(15,)",4,"{'NN__alpha': 1e-08, 'NN__hidden_layer_sizes': (15,), 'filter__n': 4}",177,0.7938775510204081,0.796579887697805,0.7877551020408163,0.7955589586523737,0.7816326530612245,0.7825421133231241,0.7783452502553626,0.7968869609594285,0.763023493360572,0.7963766266904823,0.023762593449845056,0.0019362461612131986,0.010410820459760647,0.005540889108782131
180,0.4595973491668701,0.1065835952758789,0.7954267047774601,0.7969577929592888,1e-08,"(15,)",5,"{'NN__alpha': 1e-08, 'NN__hidden_layer_sizes': (15,), 'filter__n': 5}",52,0.7846938775510204,0.7991322103113834,0.789795918367347,0.7960694231750893,0.8020408163265306,0.7927514037774375,0.8059244126659857,0.798417963766267,0.7946884576098059,0.798417963766267,0.022669319268899077,0.0012783033870565489,0.007764054375602289,0.0023441501323450647
181,0.5109652042388916,0.1067497730255127,0.7868517762351981,0.7909859441854783,1e-08,"(15,)",6,"{'NN__alpha': 1e-08, 'NN__hidden_layer_sizes': (15,), 'filter__n': 6}",112,0.7959183673469388,0.7932618683001531,0.789795918367347,0.7797345584481878,0.8153061224489796,0.796579887697805,0.7814096016343207,0.7943352896146977,0.7517875383043923,0.7910181168665475,0.01814407274687542,0.0012647084807063935,0.02078093076854937,0.005903979428991991
182,0.47245020866394044,0.10611720085144043,0.7878726010616578,0.7914959397946237,1e-08,"(15,)",7,"{'NN__alpha': 1e-08, 'NN__hidden_layer_sizes': (15,), 'filter__n': 7}",104,0.7877551020408163,0.8032159264931087,0.7826530612244897,0.7720775906074527,0.7928571428571428,0.7876467585502808,0.7814096016343207,0.7841286042357745,0.7946884576098059,0.8104108190865017,0.04031796544016702,0.0011889695774600743,0.0052971040810727305,0.013720764275231678
183,0.4680313587188721,0.10586981773376465,0.7909350755410371,0.8001728858282726,1e-08,"(15,)",8,"{'NN__alpha': 1e-08, 'NN__hidden_layer_sizes': (15,), 'filter__n': 8}",79,0.7959183673469388,0.7901990811638591,0.7857142857142857,0.801174068402246,0.8051020408163265,0.7963246554364471,0.7834525025536262,0.8040316407246747,0.7844739530132788,0.8091349834141363,0.0073997287196732415,0.0020441090225242564,0.008373423579814144,0.006488408212619251
184,0.47652239799499513,0.10605502128601074,0.7968558595345039,0.8014504799265264,1e-08,"(15,)",9,"{'NN__alpha': 1e-08, 'NN__hidden_layer_sizes': (15,), 'filter__n': 9}",43,0.8061224489795918,0.8085758039816233,0.7846938775510204,0.8075548749361919,0.8224489795918367,0.8060234813680449,0.7926455566905005,0.7866802755805052,0.7783452502553626,0.798417963766267,0.033297745105148276,0.0018696465741258222,0.015806978089589724,0.0082012354458796
185,0.42034497261047366,0.10574560165405274,0.7880767660269498,0.7883317631241419,1e-08,"(15,)",10,"{'NN__alpha': 1e-08, 'NN__hidden_layer_sizes': (15,), 'filter__n': 10}",100,0.7836734693877551,0.7827973455844819,0.7857142857142857,0.787391526288923,0.8010204081632653,0.7907095456865748,0.7824310520939735,0.7848941056391937,0.7875383043922369,0.7958662924215361,0.006813921423384471,0.0018537360915400166,0.006704194799956565,0.00459900627181395
186,0.5049215793609619,0.10625381469726562,0.7927725602286647,0.8045116258653247,1e-08,"(15,)",11,"{'NN__alpha': 1e-08, 'NN__hidden_layer_sizes': (15,), 'filter__n': 11}",64,0.8091836734693878,0.8037263910158244,0.7775510204081633,0.8032159264931087,0.8224489795918367,0.7983665135273098,0.7722165474974464,0.8045419749936208,0.7824310520939735,0.8127073232967594,0.01847969908198945,0.0016136005372031793,0.019552217818021023,0.004630944044923621
187,0.42195858955383303,0.1050405502319336,0.7901184156798693,0.7903725791848485,1e-08,"(31,)",1,"{'NN__alpha': 1e-08, 'NN__hidden_layer_sizes': (31,), 'filter__n': 1}",83,0.7836734693877551,0.7835630423685553,0.7836734693877551,0.7835630423685553,0.7836734693877551,0.7835630423685553,0.8059244126659857,0.8007144679765246,0.7936670071501533,0.8004593008420515,0.011799303903419914,0.0009011939715441233,0.008796865247575034,0.008340335635052579
188,0.426529598236084,0.10506563186645508,0.7901184156798693,0.7920065606218627,1e-08,"(31,)",2,"{'NN__alpha': 1e-08, 'NN__hidden_layer_sizes': (31,), 'filter__n': 2}",83,0.8061224489795918,0.7894333843797856,0.7877551020408163,0.7922409392547218,0.8040816326530612,0.7868810617662072,0.7906026557711952,0.792549119673386,0.7620020429009193,0.798928298035213,0.004232560506750307,0.001032372549359057,0.015793370806528907,0.0040286902829435875
189,0.4109810352325439,0.10609021186828613,0.782360146998775,0.7819518162650747,1e-08,"(31,)",3,"{'NN__alpha': 1e-08, 'NN__hidden_layer_sizes': (31,), 'filter__n': 3}",165,0.7836734693877551,0.7815211842776927,0.7816326530612245,0.7807554874936192,0.7836734693877551,0.7835630423685553,0.7793667007150153,0.7805562643531513,0.7834525025536262,0.7833631028323552,0.0030513782585565806,0.001696075369931352,0.0016809667207753694,0.0012768704639363915
190,0.4596578121185303,0.10541119575500488,0.791547570436913,0.7954772504627591,1e-08,"(31,)",4,"{'NN__alpha': 1e-08, 'NN__hidden_layer_sizes': (31,), 'filter__n': 4}",71,0.7948979591836735,0.7958141909137315,0.786734693877551,0.7973455844818785,0.7836734693877551,0.7835630423685553,0.7895812053115424,0.8040316407246747,0.8028600612870276,0.7966317938249553,0.015173653198118024,0.001225413565991951,0.006755560705507783,0.006634201059884131
191,0.44726080894470216,0.10565042495727539,0.7860351163740302,0.7898622579412792,1e-08,"(31,)",5,"{'NN__alpha': 1e-08, 'NN__hidden_layer_sizes': (31,), 'filter__n': 5}",119,0.786734693877551,0.7830525778458397,0.7857142857142857,0.7845839714139867,0.7806122448979592,0.7833078101071975,0.7824310520939735,0.792293952538913,0.7946884576098059,0.8060729778004593,0.006842326682268582,0.001560551073258977,0.004854439207339083,0.00878513989695209
192,0.4351412296295166,0.10667133331298828,0.7835851367905268,0.7914956792870845,1e-08,"(31,)",6,"{'NN__alpha': 1e-08, 'NN__hidden_layer_sizes': (31,), 'filter__n': 6}",139,0.7969387755102041,0.7945380296069423,0.8061224489795918,0.7853496681980602,0.7877551020408163,0.777947932618683,0.7589376915219612,0.7968869609594285,0.7681307456588355,0.8027558050523093,0.011182234606964924,0.000804681445715905,0.017605353858959494,0.008791213089051625
193,0.44634184837341306,0.10545315742492675,0.7905267456104532,0.7999683613593858,1e-08,"(31,)",7,"{'NN__alpha': 1e-08, 'NN__hidden_layer_sizes': (31,), 'filter__n': 7}",81,0.786734693877551,0.791985706993364,0.7928571428571428,0.8021949974476774,0.7959183673469388,0.7858601327207759,0.7967313585291114,0.8065833120694055,0.780388151174668,0.8132176575657055,0.017298974009949116,0.0016053604846503562,0.006166064093332895,0.009869389212865495
194,0.4492283821105957,0.1053236484527588,0.796039199673336,0.8069105486145493,1e-08,"(31,)",8,"{'NN__alpha': 1e-08, 'NN__hidden_layer_sizes': (31,), 'filter__n': 8}",49,0.786734693877551,0.7976008167432364,0.7979591836734694,0.8134252169474222,0.8061224489795918,0.801174068402246,0.797752808988764,0.8119418218933402,0.7916241062308478,0.8104108190865017,0.017707298530673207,0.0007171567545012741,0.006548682674922843,0.006317987344272242
195,0.46988606452941895,0.10570335388183594,0.7966516945692119,0.8066554335815841,1e-08,"(31,)",9,"{'NN__alpha': 1e-08, 'NN__hidden_layer_sizes': (31,), 'filter__n': 9}",46,0.8020408163265306,0.8085758039816233,0.8163265306122449,0.8098519652884124,0.8030612244897959,0.7947932618683001,0.8008171603677222,0.815003827507017,0.7609805924412666,0.805052309262567,0.007400182198611883,0.0019218889807137715,0.018689030087970876,0.006736207299333503
196,0.4362443447113037,0.1061396598815918,0.8062474479379339,0.8075737747581482,1e-08,"(31,)",10,"{'NN__alpha': 1e-08, 'NN__hidden_layer_sizes': (31,), 'filter__n': 10}",5,0.8071428571428572,0.8078101071975498,0.7948979591836735,0.8047473200612557,0.8377551020408164,0.7955589586523737,0.8059244126659857,0.8165348303138555,0.7854954034729316,0.8132176575657055,0.00954279845474754,0.0011758096682161644,0.017625498998685544,0.007273987009185431
197,0.4894422054290771,0.10695343017578125,0.8013474887709269,0.8060422248854776,1e-08,"(31,)",11,"{'NN__alpha': 1e-08, 'NN__hidden_layer_sizes': (31,), 'filter__n': 11}",19,0.8010204081632653,0.7942827973455845,0.789795918367347,0.7991322103113834,0.8357142857142857,0.8039816232771823,0.8069458631256384,0.8157693289104363,0.7732379979570991,0.8170451645828017,0.0223223616531336,0.0012451974338759527,0.020669501232800574,0.009010657591581423
198,0.41169095039367676,0.10530600547790528,0.7835851367905268,0.7835851334078645,1e-08,"(62,)",1,"{'NN__alpha': 1e-08, 'NN__hidden_layer_sizes': (62,), 'filter__n': 1}",139,0.7836734693877551,0.7835630423685553,0.7836734693877551,0.7835630423685553,0.7836734693877551,0.7835630423685553,0.7834525025536262,0.7836182699668283,0.7834525025536262,0.7836182699668283,0.0006233950789531898,0.0013262679542920127,0.00010824013408538259,2.705588709761459e-05
199,0.42204980850219725,0.10668582916259765,0.7792976725193956,0.7862389106825154,1e-08,"(62,)",2,"{'NN__alpha': 1e-08, 'NN__hidden_layer_sizes': (62,), 'filter__n': 2}",187,0.7836734693877551,0.7833078101071975,0.7836734693877551,0.7845839714139867,0.7836734693877551,0.7835630423685553,0.7844739530132788,0.7838734371013013,0.7609805924412666,0.7958662924215361,0.00846410360709785,0.0014267318894660582,0.009160279908969383,0.004832647105077149
200,0.44703001976013185,0.1073108196258545,0.7829726418946509,0.7901681328682232,1e-08,"(62,)",3,"{'NN__alpha': 1e-08, 'NN__hidden_layer_sizes': (62,), 'filter__n': 3}",160,0.7795918367346939,0.7799897907095457,0.7836734693877551,0.7835630423685553,0.7826530612244897,0.781010719754977,0.7926455566905005,0.7979076294973207,0.7763023493360572,0.808369482010717,0.02790529883366914,0.0005723895211197279,0.005477254193638315,0.01115592222286746
201,0.4438307762145996,0.10566945075988769,0.7815434871376072,0.789301254955993,1e-08,"(62,)",4,"{'NN__alpha': 1e-08, 'NN__hidden_layer_sizes': (62,), 'filter__n': 4}",170,0.786734693877551,0.7822868810617662,0.7765306122448979,0.7830525778458397,0.8010204081632653,0.7927514037774375,0.7701736465781409,0.7774942587394743,0.7732379979570991,0.8109211533554478,0.025606797464852414,0.0014748734899721538,0.011222630304536997,0.011890972206718108
202,0.4834444522857666,0.10706133842468261,0.7939975500204165,0.8000704672893058,1e-08,"(62,)",5,"{'NN__alpha': 1e-08, 'NN__hidden_layer_sizes': (62,), 'filter__n': 5}",58,0.7846938775510204,0.777947932618683,0.7846938775510204,0.8062787136294027,0.8183673469387756,0.796579887697805,0.797752808988764,0.8076039806072978,0.7844739530132788,0.8119418218933402,0.026699978584282618,0.0010215331018565011,0.013206464440557017,0.012147558534980826
203,0.43122544288635256,0.1075066089630127,0.7858309514087383,0.7892500521991981,1e-08,"(62,)",6,"{'NN__alpha': 1e-08, 'NN__hidden_layer_sizes': (62,), 'filter__n': 6}",123,0.7948979591836735,0.7850944359367024,0.7836734693877551,0.7861153649821337,0.7836734693877551,0.7835630423685553,0.7895812053115424,0.8063281449349324,0.7773237997957099,0.7851492727736668,0.008950590194386952,0.00033051184663742664,0.0059655770717836005,0.008578054962180833
204,0.4648288726806641,0.10647835731506347,0.7970600244997958,0.8002761770674953,1e-08,"(62,)",7,"{'NN__alpha': 1e-08, 'NN__hidden_layer_sizes': (62,), 'filter__n': 7}",40,0.7979591836734694,0.8067891781521185,0.7918367346938775,0.8044920877998979,0.8173469387755102,0.8004083716181726,0.7875383043922369,0.7902526154631283,0.7906026557711952,0.7994386323041592,0.023171491720170103,0.0005054205446492931,0.010696815892276378,0.005681264477178488
205,0.4767660140991211,0.1069941520690918,0.7991016741527154,0.8080847993720726,1e-08,"(62,)",8,"{'NN__alpha': 1e-08, 'NN__hidden_layer_sizes': (62,), 'filter__n': 8}",30,0.8030612244897959,0.8078101071975498,0.7846938775510204,0.8080653394589076,0.8142857142857143,0.8057682491066871,0.7926455566905005,0.8121969890278132,0.8008171603677222,0.8065833120694055,0.023049885684489815,0.0007095722571269672,0.009985990560387722,0.0022184141856683563
206,0.4793494701385498,0.10525555610656738,0.7993058391180073,0.8007355951379396,1e-08,"(62,)",9,"{'NN__alpha': 1e-08, 'NN__hidden_layer_sizes': (62,), 'filter__n': 9}",27,0.7938775510204081,0.8006636038795304,0.7989795918367347,0.8118938233792752,0.8214285714285714,0.8014293006636038,0.7926455566905005,0.8007144679765246,0.7895812053115424,0.788976779790763,0.04368560960100586,0.0016704304789668266,0.011472076745452552,0.0072562063409099585
207,0.46236042976379393,0.10724363327026368,0.8021641486320947,0.8094111735070084,1e-08,"(62,)",10,"{'NN__alpha': 1e-08, 'NN__hidden_layer_sizes': (62,), 'filter__n': 10}",15,0.8061224489795918,0.8019397651863196,0.7969387755102041,0.8118938233792752,0.8122448979591836,0.798111281265952,0.804902962206333,0.814748660372544,0.7906026557711952,0.8203623373309518,0.020707091771783977,0.0008468967105542856,0.007559576265510862,0.008223014197735792
208,0.4870108127593994,0.10661706924438477,0.8042057982850143,0.811963457044456,1e-08,"(62,)",11,"{'NN__alpha': 1e-08, 'NN__hidden_layer_sizes': (62,), 'filter__n': 11}",11,0.8142857142857143,0.8154670750382849,0.7836734693877551,0.8037263910158244,0.8214285714285714,0.8047473200612557,0.8130745658835546,0.8132176575657055,0.7885597548518897,0.8226588415412095,0.02568775926013445,0.0017433395960714684,0.015122139414386513,0.007045019478297077
209,0.4612818717956543,0.1065333366394043,0.7868517762351981,0.7971108671892188,1e-08,"(124,)",1,"{'NN__alpha': 1e-08, 'NN__hidden_layer_sizes': (124,), 'filter__n': 1}",112,0.7908163265306123,0.8014293006636038,0.7989795918367347,0.8024502297090352,0.7836734693877551,0.7835630423685553,0.7875383043922369,0.7971421280939015,0.7732379979570991,0.8009696351109977,0.02690880111298543,0.0012386312641137899,0.008469548757725022,0.007008456096465275
210,0.44881601333618165,0.10669178962707519,0.7852184565128624,0.7881787930972275,1e-08,"(124,)",2,"{'NN__alpha': 1e-08, 'NN__hidden_layer_sizes': (124,), 'filter__n': 2}",130,0.7846938775510204,0.7912200102092904,0.7836734693877551,0.7835630423685553,0.7908163265306123,0.7886676875957122,0.7834525025536262,0.7841286042357745,0.7834525025536262,0.7933146210768053,0.015533914085350058,0.001294776846406659,0.0028370959129798905,0.0038359857401153853
211,0.5021053791046143,0.10641717910766602,0.7925683952633729,0.8003265201494116,1e-08,"(124,)",3,"{'NN__alpha': 1e-08, 'NN__hidden_layer_sizes': (124,), 'filter__n': 3}",67,0.7908163265306123,0.802705461970393,0.7836734693877551,0.8006636038795304,0.8173469387755102,0.7947932618683001,0.7875383043922369,0.7976524623628477,0.7834525025536262,0.8058178106659862,0.022784907815833647,0.0009696253280680361,0.012686881837988958,0.003839135147856078
212,0.4714095115661621,0.10714602470397949,0.7833809718252348,0.7972124781548147,1e-08,"(124,)",4,"{'NN__alpha': 1e-08, 'NN__hidden_layer_sizes': (124,), 'filter__n': 4}",152,0.786734693877551,0.7909647779479326,0.7908163265306123,0.8019397651863196,0.7877551020408163,0.7856049004594181,0.7814096016343207,0.79867313090074,0.7701736465781409,0.8088798162796632,0.020122269049328727,0.0013204149484989367,0.007265128582382887,0.008177739857340778
213,0.494614839553833,0.10778679847717285,0.7999183340138832,0.8067065581861173,1e-08,"(124,)",5,"{'NN__alpha': 1e-08, 'NN__hidden_layer_sizes': (124,), 'filter__n': 5}",24,0.810204081632653,0.8060234813680449,0.7908163265306123,0.8070444104134763,0.8214285714285714,0.8019397651863196,0.7957099080694586,0.804797142128094,0.7814096016343207,0.8137279918346517,0.026593240490713176,0.0018283789898461858,0.014224364787132996,0.00390511084947018
214,0.47693624496459963,0.10648179054260254,0.7978766843609637,0.8011944921933054,1e-08,"(124,)",6,"{'NN__alpha': 1e-08, 'NN__hidden_layer_sizes': (124,), 'filter__n': 6}",37,0.8122448979591836,0.8057682491066871,0.7969387755102041,0.8116385911179173,0.8010204081632653,0.7886676875957122,0.7895812053115424,0.785659607042613,0.7895812053115424,0.8142383261035978,0.0327336318387231,0.0011349527346629369,0.00842428127099956,0.01181857476856298
215,0.49584527015686036,0.10786333084106445,0.8003266639444672,0.8095648469042782,1e-08,"(124,)",7,"{'NN__alpha': 1e-08, 'NN__hidden_layer_sizes': (124,), 'filter__n': 7}",21,0.7969387755102041,0.8044920877998979,0.7928571428571428,0.8131699846860643,0.8183673469387756,0.8055130168453293,0.7926455566905005,0.811686654758867,0.8008171603677222,0.8129624904312325,0.015474557353428843,0.0008359910172739375,0.009508962656361454,0.003773414376698798
216,0.5149699211120605,0.10748105049133301,0.8060432829726419,0.8101774564330448,1e-08,"(124,)",8,"{'NN__alpha': 1e-08, 'NN__hidden_layer_sizes': (124,), 'filter__n': 8}",8,0.813265306122449,0.8093415007656968,0.7928571428571428,0.8129147524247065,0.8204081632653061,0.8050025523226135,0.8028600612870276,0.808369482010717,0.8008171603677222,0.8152589946414902,0.028247946452094937,0.0005056014006269229,0.009695159333237311,0.003579442578155956
217,0.528355598449707,0.10749878883361816,0.7980808493262556,0.8108402136630734,1e-08,"(124,)",9,"{'NN__alpha': 1e-08, 'NN__hidden_layer_sizes': (124,), 'filter__n': 9}",33,0.7887755102040817,0.795048494129658,0.7979591836734694,0.8139356814701378,0.8122448979591836,0.8050025523226135,0.7997957099080695,0.8155141617759633,0.7916241062308478,0.8247001786169942,0.0744277350221045,0.0009994277127916733,0.008147940072283281,0.010069588235657168
218,0.5083498001098633,0.10663442611694336,0.8115557370355247,0.808646792286007,1e-08,"(124,)",10,"{'NN__alpha': 1e-08, 'NN__hidden_layer_sizes': (124,), 'filter__n': 10}",1,0.8173469387755102,0.812149055640633,0.8051020408163265,0.8147013782542113,0.8326530612244898,0.8070444104134763,0.7906026557711952,0.7976524623628477,0.8120531154239019,0.811686654758867,0.05798578382486339,0.0022705118071693355,0.013852853078434212,0.006026732810240158
219,0.4887843608856201,0.10680899620056153,0.791547570436913,0.8037456685737121,1e-08,"(124,)",11,"{'NN__alpha': 1e-08, 'NN__hidden_layer_sizes': (124,), 'filter__n': 11}",71,0.7959183673469388,0.8016845329249617,0.7877551020408163,0.8067891781521185,0.7908163265306123,0.7879019908116386,0.8079673135852911,0.8012248022454708,0.7752808988764045,0.821127838734371,0.03645056556367916,0.0010255249816533774,0.010657585636671395,0.010705400153976365
