,mean_fit_time,mean_score_time,mean_test_score,mean_train_score,param_NN__alpha,param_NN__hidden_layer_sizes,param_ica__n_components,params,rank_test_score,split0_test_score,split0_train_score,split1_test_score,split1_train_score,split2_test_score,split2_train_score,split3_test_score,split3_train_score,split4_test_score,split4_train_score,std_fit_time,std_score_time,std_test_score,std_train_score
0,0.272715425491333,0.0045224189758300785,0.5,0.5,10.0,"(7,)",2,"{'ica__n_components': 2, 'NN__hidden_layer_sizes': (7,), 'NN__alpha': 10.0}",116,0.5,0.5,0.5,0.5,0.5,0.5,0.5,0.5,0.5,0.5,0.013661354428236405,0.0002243978947756733,0.0,0.0
1,0.26752023696899413,0.004515838623046875,0.5,0.5,10.0,"(7,)",5,"{'ica__n_components': 5, 'NN__hidden_layer_sizes': (7,), 'NN__alpha': 10.0}",116,0.5,0.5,0.5,0.5,0.5,0.5,0.5,0.5,0.5,0.5,0.006317268800863708,0.0004707126307473662,0.0,0.0
2,0.3522980213165283,0.004304361343383789,0.5,0.5,10.0,"(7,)",10,"{'ica__n_components': 10, 'NN__hidden_layer_sizes': (7,), 'NN__alpha': 10.0}",116,0.5,0.5,0.5,0.5,0.5,0.5,0.5,0.5,0.5,0.5,0.04725350545342103,0.0001846410762572485,0.0,0.0
3,0.4700960636138916,0.004251956939697266,0.5,0.5,10.0,"(7,)",15,"{'ica__n_components': 15, 'NN__hidden_layer_sizes': (7,), 'NN__alpha': 10.0}",116,0.5,0.5,0.5,0.5,0.5,0.5,0.5,0.5,0.5,0.5,0.010543748052945875,0.00028312906457374145,0.0,0.0
4,0.5391705989837646,0.00442957878112793,0.5,0.5,10.0,"(7,)",20,"{'ica__n_components': 20, 'NN__hidden_layer_sizes': (7,), 'NN__alpha': 10.0}",116,0.5,0.5,0.5,0.5,0.5,0.5,0.5,0.5,0.5,0.5,0.012684740469109102,0.00015661948562797678,0.0,0.0
5,0.6101706504821778,0.004310798645019531,0.5,0.5,10.0,"(7,)",25,"{'ica__n_components': 25, 'NN__hidden_layer_sizes': (7,), 'NN__alpha': 10.0}",116,0.5,0.5,0.5,0.5,0.5,0.5,0.5,0.5,0.5,0.5,0.006465496163803986,0.00011483872335452648,0.0,0.0
6,0.6604856491088867,0.004397821426391601,0.5,0.5,10.0,"(7,)",30,"{'ica__n_components': 30, 'NN__hidden_layer_sizes': (7,), 'NN__alpha': 10.0}",116,0.5,0.5,0.5,0.5,0.5,0.5,0.5,0.5,0.5,0.5,0.013568329263434379,0.0003448053771715753,0.0,0.0
7,0.7460092544555664,0.0054209232330322266,0.5,0.5,10.0,"(7,)",35,"{'ica__n_components': 35, 'NN__hidden_layer_sizes': (7,), 'NN__alpha': 10.0}",116,0.5,0.5,0.5,0.5,0.5,0.5,0.5,0.5,0.5,0.5,0.011415862226672603,0.00013005553199714248,0.0,0.0
8,0.8136444091796875,0.004737234115600586,0.5,0.5,10.0,"(7,)",40,"{'ica__n_components': 40, 'NN__hidden_layer_sizes': (7,), 'NN__alpha': 10.0}",116,0.5,0.5,0.5,0.5,0.5,0.5,0.5,0.5,0.5,0.5,0.009112722584437759,0.00023723674636966065,0.0,0.0
9,0.9055521488189697,0.005078029632568359,0.5,0.5,10.0,"(7,)",45,"{'ica__n_components': 45, 'NN__hidden_layer_sizes': (7,), 'NN__alpha': 10.0}",116,0.5,0.5,0.5,0.5,0.5,0.5,0.5,0.5,0.5,0.5,0.010892696575269057,0.00029293276769486783,0.0,0.0
10,0.980039119720459,0.004578638076782227,0.5046153846153846,0.5037499999999999,10.0,"(7,)",50,"{'ica__n_components': 50, 'NN__hidden_layer_sizes': (7,), 'NN__alpha': 10.0}",105,0.5038461538461538,0.5004807692307692,0.48653846153846153,0.5004807692307692,0.5346153846153846,0.5177884615384616,0.5,0.5004807692307692,0.4980769230769231,0.49951923076923077,0.027802087559394454,0.00013677651438872895,0.01607121724290475,0.007029102647114275
11,1.055221176147461,0.0049476146697998045,0.5,0.5,10.0,"(7,)",55,"{'ica__n_components': 55, 'NN__hidden_layer_sizes': (7,), 'NN__alpha': 10.0}",116,0.5,0.5,0.5,0.5,0.5,0.5,0.5,0.5,0.5,0.5,0.0123547897099952,0.00034240096908009235,0.0,0.0
12,1.1238731384277343,0.005794429779052734,0.5,0.5,10.0,"(7,)",60,"{'ica__n_components': 60, 'NN__hidden_layer_sizes': (7,), 'NN__alpha': 10.0}",116,0.5,0.5,0.5,0.5,0.5,0.5,0.5,0.5,0.5,0.5,0.024075081833193214,0.0009254648947798423,0.0,0.0
13,0.2664494514465332,0.004126596450805664,0.5,0.5,10.0,"(15,)",2,"{'ica__n_components': 2, 'NN__hidden_layer_sizes': (15,), 'NN__alpha': 10.0}",116,0.5,0.5,0.5,0.5,0.5,0.5,0.5,0.5,0.5,0.5,0.00866310290799399,7.445998117750762e-05,0.0,0.0
14,0.26444282531738283,0.004248142242431641,0.5,0.5,10.0,"(15,)",5,"{'ica__n_components': 5, 'NN__hidden_layer_sizes': (15,), 'NN__alpha': 10.0}",116,0.5,0.5,0.5,0.5,0.5,0.5,0.5,0.5,0.5,0.5,0.003401111237369242,0.0002275290846107858,0.0,0.0
15,0.3587695598602295,0.004704666137695312,0.5,0.5,10.0,"(15,)",10,"{'ica__n_components': 10, 'NN__hidden_layer_sizes': (15,), 'NN__alpha': 10.0}",116,0.5,0.5,0.5,0.5,0.5,0.5,0.5,0.5,0.5,0.5,0.043340286728240245,0.00010857231317080057,0.0,0.0
16,0.4710897922515869,0.004404211044311523,0.5,0.5,10.0,"(15,)",15,"{'ica__n_components': 15, 'NN__hidden_layer_sizes': (15,), 'NN__alpha': 10.0}",116,0.5,0.5,0.5,0.5,0.5,0.5,0.5,0.5,0.5,0.5,0.004399814544050685,0.00020402488497340749,0.0,0.0
17,0.534901237487793,0.004693746566772461,0.5,0.5,10.0,"(15,)",20,"{'ica__n_components': 20, 'NN__hidden_layer_sizes': (15,), 'NN__alpha': 10.0}",116,0.5,0.5,0.5,0.5,0.5,0.5,0.5,0.5,0.5,0.5,0.014028190070417315,0.0001242193287517865,0.0,0.0
18,0.6055560111999512,0.004439258575439453,0.5,0.5,10.0,"(15,)",25,"{'ica__n_components': 25, 'NN__hidden_layer_sizes': (15,), 'NN__alpha': 10.0}",116,0.5,0.5,0.5,0.5,0.5,0.5,0.5,0.5,0.5,0.5,0.007647896597271618,0.0001749809551824041,0.0,0.0
19,0.6619785308837891,0.004479074478149414,0.5003846153846154,0.5011538461538462,10.0,"(15,)",30,"{'ica__n_components': 30, 'NN__hidden_layer_sizes': (15,), 'NN__alpha': 10.0}",114,0.5019230769230769,0.5004807692307692,0.4980769230769231,0.5052884615384615,0.5,0.49951923076923077,0.5019230769230769,0.5,0.5,0.5004807692307692,0.007351564745814271,0.00016557229491131806,0.0014390989949130493,0.002097829252814553
20,0.729665994644165,0.005078554153442383,0.5,0.5,10.0,"(15,)",35,"{'ica__n_components': 35, 'NN__hidden_layer_sizes': (15,), 'NN__alpha': 10.0}",116,0.5,0.5,0.5,0.5,0.5,0.5,0.5,0.5,0.5,0.5,0.01077578137724848,8.431028438932556e-05,0.0,0.0
21,0.8066245079040527,0.004860305786132812,0.4926923076923077,0.5086538461538461,10.0,"(15,)",40,"{'ica__n_components': 40, 'NN__hidden_layer_sizes': (15,), 'NN__alpha': 10.0}",260,0.49615384615384617,0.51875,0.47884615384615387,0.5163461538461539,0.48846153846153845,0.5072115384615384,0.5,0.49951923076923077,0.5,0.5014423076923077,0.014972469509425492,0.0002499272994549302,0.00810434904065595,0.0077282812682346845
22,0.8945525646209717,0.005121898651123047,0.5,0.5,10.0,"(15,)",45,"{'ica__n_components': 45, 'NN__hidden_layer_sizes': (15,), 'NN__alpha': 10.0}",116,0.5,0.5,0.5,0.5,0.5,0.5,0.5,0.5,0.5,0.5,0.012836334057887637,0.00020282684288054918,0.0,0.0
23,0.9714144229888916,0.005227184295654297,0.5,0.5,10.0,"(15,)",50,"{'ica__n_components': 50, 'NN__hidden_layer_sizes': (15,), 'NN__alpha': 10.0}",116,0.5,0.5,0.5,0.5,0.5,0.5,0.5,0.5,0.5,0.5,0.021180433651438572,0.0002743658854682537,0.0,0.0
24,1.0534017562866211,0.004768848419189453,0.5,0.5,10.0,"(15,)",55,"{'ica__n_components': 55, 'NN__hidden_layer_sizes': (15,), 'NN__alpha': 10.0}",116,0.5,0.5,0.5,0.5,0.5,0.5,0.5,0.5,0.5,0.5,0.009573361581113264,0.0003823795198298324,0.0,0.0
25,1.100463581085205,0.005287790298461914,0.5,0.49990384615384614,10.0,"(15,)",60,"{'ica__n_components': 60, 'NN__hidden_layer_sizes': (15,), 'NN__alpha': 10.0}",116,0.5,0.5,0.5,0.5,0.5,0.49951923076923077,0.5,0.5,0.5,0.5,0.029408106316207962,0.0007638677463053421,0.0,0.00019230769230769163
26,0.26769366264343264,0.004439926147460938,0.5,0.5,10.0,"(31,)",2,"{'ica__n_components': 2, 'NN__hidden_layer_sizes': (31,), 'NN__alpha': 10.0}",116,0.5,0.5,0.5,0.5,0.5,0.5,0.5,0.5,0.5,0.5,0.009009085120033953,0.0004386727858285517,0.0,0.0
27,0.26258387565612795,0.004445219039916992,0.5,0.5,10.0,"(31,)",5,"{'ica__n_components': 5, 'NN__hidden_layer_sizes': (31,), 'NN__alpha': 10.0}",116,0.5,0.5,0.5,0.5,0.5,0.5,0.5,0.5,0.5,0.5,0.0067520633398705735,0.00030959585133173684,0.0,0.0
28,0.35841217041015627,0.004418230056762696,0.5026923076923077,0.5092307692307693,10.0,"(31,)",10,"{'ica__n_components': 10, 'NN__hidden_layer_sizes': (31,), 'NN__alpha': 10.0}",111,0.5134615384615384,0.5413461538461538,0.49423076923076925,0.49951923076923077,0.551923076923077,0.5394230769230769,0.4596153846153846,0.47115384615384615,0.49423076923076925,0.4947115384615385,0.05835210230210742,0.00020846110978072562,0.030127932350101767,0.027195394776348056
29,0.4774561882019043,0.004281187057495117,0.5,0.5,10.0,"(31,)",15,"{'ica__n_components': 15, 'NN__hidden_layer_sizes': (31,), 'NN__alpha': 10.0}",116,0.5,0.5,0.5,0.5,0.5,0.5,0.5,0.5,0.5,0.5,0.00814415768724476,0.00024762749090882205,0.0,0.0
30,0.5271159172058105,0.0046408653259277345,0.5,0.5,10.0,"(31,)",20,"{'ica__n_components': 20, 'NN__hidden_layer_sizes': (31,), 'NN__alpha': 10.0}",116,0.5,0.5,0.5,0.5,0.5,0.5,0.5,0.5,0.5,0.5,0.007110828670010391,0.00018774704842166557,0.0,0.0
31,0.5970902442932129,0.00478057861328125,0.5003846153846154,0.5014423076923077,10.0,"(31,)",25,"{'ica__n_components': 25, 'NN__hidden_layer_sizes': (31,), 'NN__alpha': 10.0}",114,0.5,0.5,0.5,0.5,0.5,0.5,0.5019230769230769,0.5072115384615384,0.5,0.5,0.01465436920100199,0.00017415078783911806,0.0007692307692307665,0.0028846153846153744
32,0.6567769527435303,0.004565620422363281,0.49846153846153846,0.5091346153846155,10.0,"(31,)",30,"{'ica__n_components': 30, 'NN__hidden_layer_sizes': (31,), 'NN__alpha': 10.0}",254,0.47884615384615387,0.5264423076923077,0.5,0.5,0.5,0.5,0.5134615384615384,0.5192307692307693,0.5,0.5,0.011375475654676543,0.00012283204874788097,0.011107330060148943,0.011417636622151856
33,0.7410267353057861,0.005247831344604492,0.5,0.5,10.0,"(31,)",35,"{'ica__n_components': 35, 'NN__hidden_layer_sizes': (31,), 'NN__alpha': 10.0}",116,0.5,0.5,0.5,0.5,0.5,0.5,0.5,0.5,0.5,0.5,0.008196867630938274,0.0002856580145722475,0.0,0.0
34,0.803748607635498,0.004958963394165039,0.5,0.5,10.0,"(31,)",40,"{'ica__n_components': 40, 'NN__hidden_layer_sizes': (31,), 'NN__alpha': 10.0}",116,0.5,0.5,0.5,0.5,0.5,0.5,0.5,0.5,0.5,0.5,0.01044362241630527,0.000438319822167369,0.0,0.0
35,0.9124357223510742,0.005287599563598633,0.5011538461538462,0.5036538461538461,10.0,"(31,)",45,"{'ica__n_components': 45, 'NN__hidden_layer_sizes': (31,), 'NN__alpha': 10.0}",113,0.5,0.5,0.5076923076923077,0.5115384615384615,0.5,0.5,0.4980769230769231,0.5067307692307692,0.5,0.5,0.020382465189103197,0.00023537473302060534,0.003352999187338968,0.0047262329720940245
36,0.9592125892639161,0.005143928527832031,0.5,0.5,10.0,"(31,)",50,"{'ica__n_components': 50, 'NN__hidden_layer_sizes': (31,), 'NN__alpha': 10.0}",116,0.5,0.5,0.5,0.5,0.5,0.5,0.5,0.5,0.5,0.5,0.02254999373299248,0.00037686360764121806,0.0,0.0
37,1.0558358192443849,0.006149005889892578,0.5053846153846154,0.5071153846153845,10.0,"(31,)",55,"{'ica__n_components': 55, 'NN__hidden_layer_sizes': (31,), 'NN__alpha': 10.0}",101,0.5,0.5004807692307692,0.5076923076923077,0.5052884615384615,0.5038461538461538,0.5009615384615385,0.4980769230769231,0.5,0.5173076923076924,0.5288461538461539,0.019565446745882255,0.0018614573851201282,0.006815401979488226,0.01102797008793346
38,1.1191975593566894,0.005985450744628906,0.5,0.5,10.0,"(31,)",60,"{'ica__n_components': 60, 'NN__hidden_layer_sizes': (31,), 'NN__alpha': 10.0}",116,0.5,0.5,0.5,0.5,0.5,0.5,0.5,0.5,0.5,0.5,0.016502742129432233,0.00033773940006940023,0.0,0.0
39,0.2734062194824219,0.0048503875732421875,0.5,0.5,10.0,"(62,)",2,"{'ica__n_components': 2, 'NN__hidden_layer_sizes': (62,), 'NN__alpha': 10.0}",116,0.5,0.5,0.5,0.5,0.5,0.5,0.5,0.5,0.5,0.5,0.016394332025012393,0.0004089169311200597,0.0,0.0
40,0.2696324348449707,0.004473543167114258,0.5,0.5,10.0,"(62,)",5,"{'ica__n_components': 5, 'NN__hidden_layer_sizes': (62,), 'NN__alpha': 10.0}",116,0.5,0.5,0.5,0.5,0.5,0.5,0.5,0.5,0.5,0.5,0.006092230968129804,0.00020464596483270672,0.0,0.0
41,0.3662464141845703,0.004809951782226563,0.5107692307692308,0.5059615384615385,10.0,"(62,)",10,"{'ica__n_components': 10, 'NN__hidden_layer_sizes': (62,), 'NN__alpha': 10.0}",91,0.5230769230769231,0.5163461538461539,0.475,0.46778846153846154,0.5,0.5,0.5211538461538462,0.5100961538461538,0.5346153846153846,0.5355769230769231,0.039382608637787545,0.000126101621750945,0.02108730794134278,0.022337099317439577
42,0.4811622142791748,0.0048138141632080075,0.5,0.5,10.0,"(62,)",15,"{'ica__n_components': 15, 'NN__hidden_layer_sizes': (62,), 'NN__alpha': 10.0}",116,0.5,0.5,0.5,0.5,0.5,0.5,0.5,0.5,0.5,0.5,0.01025995485921996,0.00028736003347344175,0.0,0.0
43,0.5521552085876464,0.004849052429199219,0.5076923076923077,0.5111538461538462,10.0,"(62,)",20,"{'ica__n_components': 20, 'NN__hidden_layer_sizes': (62,), 'NN__alpha': 10.0}",99,0.5096153846153846,0.5009615384615385,0.49615384615384617,0.4947115384615385,0.49423076923076925,0.4913461538461538,0.5038461538461538,0.5307692307692308,0.5346153846153846,0.5379807692307692,0.010580695563867822,0.00019035854170188442,0.01454436184706848,0.019344375969692188
44,0.6272946834564209,0.004796934127807617,0.5,0.5,10.0,"(62,)",25,"{'ica__n_components': 25, 'NN__hidden_layer_sizes': (62,), 'NN__alpha': 10.0}",116,0.5,0.5,0.5,0.5,0.5,0.5,0.5,0.5,0.5,0.5,0.008231360144791252,0.00019378989462828447,0.0,0.0
45,0.6905097484588623,0.005531978607177734,0.49884615384615383,0.5011538461538462,10.0,"(62,)",30,"{'ica__n_components': 30, 'NN__hidden_layer_sizes': (62,), 'NN__alpha': 10.0}",253,0.5,0.4985576923076923,0.49423076923076925,0.49375,0.5038461538461538,0.5014423076923077,0.5019230769230769,0.5096153846153846,0.49423076923076925,0.5024038461538461,0.011241824785954943,0.0011611063073773704,0.003959857746533448,0.005192307692307674
46,0.7669836521148682,0.0061871051788330075,0.5,0.5002884615384615,10.0,"(62,)",35,"{'ica__n_components': 35, 'NN__hidden_layer_sizes': (62,), 'NN__alpha': 10.0}",116,0.5,0.5,0.5,0.5014423076923077,0.5,0.5,0.5,0.5,0.5,0.5,0.011860157228302186,0.00023994626793535066,0.0,0.0005769230769230748
47,0.8353753566741944,0.005938291549682617,0.5,0.5,10.0,"(62,)",40,"{'ica__n_components': 40, 'NN__hidden_layer_sizes': (62,), 'NN__alpha': 10.0}",116,0.5,0.5,0.5,0.5,0.5,0.5,0.5,0.5,0.5,0.5,0.013615092795441623,0.0001224786663550119,0.0,0.0
48,0.9054013252258301,0.006029605865478516,0.5,0.5,10.0,"(62,)",45,"{'ica__n_components': 45, 'NN__hidden_layer_sizes': (62,), 'NN__alpha': 10.0}",116,0.5,0.5,0.5,0.5,0.5,0.5,0.5,0.5,0.5,0.5,0.011600601089133246,0.00031495348779890525,0.0,0.0
49,1.0022105693817138,0.005861997604370117,0.5026923076923077,0.495576923076923,10.0,"(62,)",50,"{'ica__n_components': 50, 'NN__hidden_layer_sizes': (62,), 'NN__alpha': 10.0}",111,0.5038461538461538,0.49615384615384617,0.525,0.5134615384615384,0.49038461538461536,0.49182692307692305,0.49230769230769234,0.4894230769230769,0.5019230769230769,0.48701923076923076,0.009439247992650755,0.0002631121590022969,0.01231970567542075,0.009437782873224512
50,1.0603271961212157,0.006138229370117187,0.5,0.5,10.0,"(62,)",55,"{'ica__n_components': 55, 'NN__hidden_layer_sizes': (62,), 'NN__alpha': 10.0}",116,0.5,0.5,0.5,0.5,0.5,0.5,0.5,0.5,0.5,0.5,0.0076436771911867155,0.0005242753884922116,0.0,0.0
51,1.1176134586334228,0.006693363189697266,0.5,0.5,10.0,"(62,)",60,"{'ica__n_components': 60, 'NN__hidden_layer_sizes': (62,), 'NN__alpha': 10.0}",116,0.5,0.5,0.5,0.5,0.5,0.5,0.5,0.5,0.5,0.5,0.021356435496672606,0.000804227591245633,0.0,0.0
52,0.2785821437835693,0.004327201843261718,0.5,0.5,10.0,"(124,)",2,"{'ica__n_components': 2, 'NN__hidden_layer_sizes': (124,), 'NN__alpha': 10.0}",116,0.5,0.5,0.5,0.5,0.5,0.5,0.5,0.5,0.5,0.5,0.022793553429913724,0.00016746284748227094,0.0,0.0
53,0.27985258102416993,0.005749845504760742,0.551923076923077,0.5427884615384615,10.0,"(124,)",5,"{'ica__n_components': 5, 'NN__hidden_layer_sizes': (124,), 'NN__alpha': 10.0}",32,0.5,0.5,0.6173076923076923,0.5774038461538461,0.6115384615384616,0.5975961538461538,0.5326923076923077,0.541826923076923,0.4980769230769231,0.4971153846153846,0.012723847177097054,0.0028639921461045574,0.05252500109133718,0.040298672287876675
54,0.3720346450805664,0.004616498947143555,0.5,0.5,10.0,"(124,)",10,"{'ica__n_components': 10, 'NN__hidden_layer_sizes': (124,), 'NN__alpha': 10.0}",116,0.5,0.5,0.5,0.5,0.5,0.5,0.5,0.5,0.5,0.5,0.041010721327217385,0.00010852210324748432,0.0,0.0
55,0.5288615703582764,0.004647970199584961,0.5196153846153846,0.5183653846153846,10.0,"(124,)",15,"{'ica__n_components': 15, 'NN__hidden_layer_sizes': (124,), 'NN__alpha': 10.0}",80,0.5019230769230769,0.4966346153846154,0.5115384615384615,0.48365384615384616,0.5557692307692308,0.5509615384615385,0.49423076923076925,0.5115384615384615,0.5346153846153846,0.5490384615384616,0.01880980292463295,0.00040452136816020016,0.022604131161407873,0.02730227465218664
56,0.5757723808288574,0.0046708106994628905,0.5034615384615385,0.5058653846153847,10.0,"(124,)",20,"{'ica__n_components': 20, 'NN__hidden_layer_sizes': (124,), 'NN__alpha': 10.0}",107,0.5,0.5,0.5,0.5,0.5134615384615384,0.5177884615384616,0.5173076923076924,0.5168269230769231,0.48653846153846153,0.4947115384615385,0.02254055409809118,0.0001838205946094336,0.010973340475143934,0.009544934218252612
57,0.633681344985962,0.004815816879272461,0.5046153846153846,0.5049038461538461,10.0,"(124,)",25,"{'ica__n_components': 25, 'NN__hidden_layer_sizes': (124,), 'NN__alpha': 10.0}",105,0.5096153846153846,0.5221153846153846,0.4980769230769231,0.49903846153846154,0.5096153846153846,0.5033653846153846,0.5134615384615384,0.49615384615384617,0.49230769230769234,0.5038461538461538,0.010343665739483823,0.00017208702245547337,0.00803100500685424,0.009062978206113993
58,0.6996517658233643,0.005000019073486328,0.5057692307692307,0.5049038461538461,10.0,"(124,)",30,"{'ica__n_components': 30, 'NN__hidden_layer_sizes': (124,), 'NN__alpha': 10.0}",100,0.5096153846153846,0.5153846153846153,0.5,0.5096153846153846,0.5115384615384615,0.4879807692307692,0.5115384615384615,0.5091346153846154,0.49615384615384617,0.5024038461538461,0.014571082097266643,0.0006098615012625377,0.006435846357954404,0.009408347986459646
59,0.7762972354888916,0.004922246932983399,0.5146153846153846,0.5173076923076924,10.0,"(124,)",35,"{'ica__n_components': 35, 'NN__hidden_layer_sizes': (124,), 'NN__alpha': 10.0}",84,0.5,0.5,0.4980769230769231,0.5,0.5,0.5,0.5115384615384615,0.5432692307692307,0.5634615384615385,0.5432692307692307,0.011080270515545937,0.000249562264900959,0.024884347876341247,0.021197507389469787
60,0.8380728244781495,0.004609537124633789,0.49653846153846154,0.5065384615384615,10.0,"(124,)",40,"{'ica__n_components': 40, 'NN__hidden_layer_sizes': (124,), 'NN__alpha': 10.0}",256,0.5019230769230769,0.4985576923076923,0.49038461538461536,0.5120192307692307,0.47307692307692306,0.4980769230769231,0.5211538461538462,0.5264423076923077,0.49615384615384617,0.49759615384615385,0.010766305793829234,0.0001717174888667428,0.015642076467432906,0.011326580248174784
61,0.919313907623291,0.005393028259277344,0.5,0.5,10.0,"(124,)",45,"{'ica__n_components': 45, 'NN__hidden_layer_sizes': (124,), 'NN__alpha': 10.0}",116,0.5,0.5,0.5,0.5,0.5,0.5,0.5,0.5,0.5,0.5,0.02243075057873892,0.0002371291099707186,0.0,0.0
62,1.0038809776306152,0.005488157272338867,0.5096153846153846,0.5035576923076923,10.0,"(124,)",50,"{'ica__n_components': 50, 'NN__hidden_layer_sizes': (124,), 'NN__alpha': 10.0}",93,0.5038461538461538,0.49182692307692305,0.5,0.4879807692307692,0.5038461538461538,0.49182692307692305,0.49423076923076925,0.5028846153846154,0.5461538461538461,0.5432692307692307,0.020937177830745793,0.0001690938117487002,0.01860521018838125,0.020471061260042812
63,1.0736657619476317,0.005453681945800782,0.5,0.5,10.0,"(124,)",55,"{'ica__n_components': 55, 'NN__hidden_layer_sizes': (124,), 'NN__alpha': 10.0}",116,0.5,0.5,0.5,0.5,0.5,0.5,0.5,0.5,0.5,0.5,0.01103453083165452,0.0003452364778720351,0.0,0.0
64,1.1480494022369385,0.005652332305908203,0.4980769230769231,0.5036538461538461,10.0,"(124,)",60,"{'ica__n_components': 60, 'NN__hidden_layer_sizes': (124,), 'NN__alpha': 10.0}",255,0.4980769230769231,0.5009615384615385,0.49615384615384617,0.5201923076923077,0.5096153846153846,0.49903846153846154,0.5019230769230769,0.5009615384615385,0.4846153846153846,0.4971153846153846,0.009102645934529419,0.0003177436739500205,0.008158924398306308,0.008391317011258257
65,0.266190767288208,0.004073095321655273,0.5,0.5,0.01,"(7,)",2,"{'ica__n_components': 2, 'NN__hidden_layer_sizes': (7,), 'NN__alpha': 0.01}",116,0.5,0.5,0.5,0.5,0.5,0.5,0.5,0.5,0.5,0.5,0.018219483081223866,0.00020010671185091328,0.0,0.0
66,0.265931510925293,0.004107618331909179,0.5,0.5,0.01,"(7,)",5,"{'ica__n_components': 5, 'NN__hidden_layer_sizes': (7,), 'NN__alpha': 0.01}",116,0.5,0.5,0.5,0.5,0.5,0.5,0.5,0.5,0.5,0.5,0.00492941302763855,0.00026419061947683536,0.0,0.0
67,0.3503943920135498,0.004292011260986328,0.5,0.5,0.01,"(7,)",10,"{'ica__n_components': 10, 'NN__hidden_layer_sizes': (7,), 'NN__alpha': 0.01}",116,0.5,0.5,0.5,0.5,0.5,0.5,0.5,0.5,0.5,0.5,0.046693864661711694,0.00013886370801745562,0.0,0.0
68,0.480987024307251,0.004237842559814453,0.5,0.5,0.01,"(7,)",15,"{'ica__n_components': 15, 'NN__hidden_layer_sizes': (7,), 'NN__alpha': 0.01}",116,0.5,0.5,0.5,0.5,0.5,0.5,0.5,0.5,0.5,0.5,0.013311444315166109,0.0002443745728990956,0.0,0.0
69,0.545116662979126,0.004364490509033203,0.5,0.5,0.01,"(7,)",20,"{'ica__n_components': 20, 'NN__hidden_layer_sizes': (7,), 'NN__alpha': 0.01}",116,0.5,0.5,0.5,0.5,0.5,0.5,0.5,0.5,0.5,0.5,0.009836410490229775,0.0002872466803546911,0.0,0.0
70,0.5996675491333008,0.004445981979370117,0.5,0.5,0.01,"(7,)",25,"{'ica__n_components': 25, 'NN__hidden_layer_sizes': (7,), 'NN__alpha': 0.01}",116,0.5,0.5,0.5,0.5,0.5,0.5,0.5,0.5,0.5,0.5,0.013246800514953694,0.00026878132658127504,0.0,0.0
71,0.6584764003753663,0.004821205139160156,0.5,0.5,0.01,"(7,)",30,"{'ica__n_components': 30, 'NN__hidden_layer_sizes': (7,), 'NN__alpha': 0.01}",116,0.5,0.5,0.5,0.5,0.5,0.5,0.5,0.5,0.5,0.5,0.005420743066879411,0.00026903153310976557,0.0,0.0
72,0.7352955341339111,0.005496835708618164,0.5,0.5,0.01,"(7,)",35,"{'ica__n_components': 35, 'NN__hidden_layer_sizes': (7,), 'NN__alpha': 0.01}",116,0.5,0.5,0.5,0.5,0.5,0.5,0.5,0.5,0.5,0.5,0.023923672170894035,0.00044062324857605456,0.0,0.0
73,0.8117133617401123,0.004807567596435547,0.5,0.5,0.01,"(7,)",40,"{'ica__n_components': 40, 'NN__hidden_layer_sizes': (7,), 'NN__alpha': 0.01}",116,0.5,0.5,0.5,0.5,0.5,0.5,0.5,0.5,0.5,0.5,0.009126592756665124,0.0001084708220010407,0.0,0.0
74,0.8880820751190186,0.005081987380981446,0.5,0.5,0.01,"(7,)",45,"{'ica__n_components': 45, 'NN__hidden_layer_sizes': (7,), 'NN__alpha': 0.01}",116,0.5,0.5,0.5,0.5,0.5,0.5,0.5,0.5,0.5,0.5,0.009885094404363533,0.00027266358433241717,0.0,0.0
75,0.962969970703125,0.005169391632080078,0.49961538461538463,0.5031730769230769,0.01,"(7,)",50,"{'ica__n_components': 50, 'NN__hidden_layer_sizes': (7,), 'NN__alpha': 0.01}",247,0.5096153846153846,0.50625,0.49038461538461536,0.5024038461538461,0.5,0.5048076923076923,0.5,0.49903846153846154,0.4980769230769231,0.5033653846153846,0.013161592645741325,0.000341983075492146,0.006129760557888159,0.0024438971206036135
76,1.0454788208007812,0.005157566070556641,0.5,0.5,0.01,"(7,)",55,"{'ica__n_components': 55, 'NN__hidden_layer_sizes': (7,), 'NN__alpha': 0.01}",116,0.5,0.5,0.5,0.5,0.5,0.5,0.5,0.5,0.5,0.5,0.011322997351899138,0.00028384672984029256,0.0,0.0
77,1.1027734756469727,0.005863857269287109,0.5,0.5,0.01,"(7,)",60,"{'ica__n_components': 60, 'NN__hidden_layer_sizes': (7,), 'NN__alpha': 0.01}",116,0.5,0.5,0.5,0.5,0.5,0.5,0.5,0.5,0.5,0.5,0.020986267621067176,0.00028273666753696983,0.0,0.0
78,0.27362918853759766,0.004428434371948242,0.5,0.5,0.01,"(15,)",2,"{'ica__n_components': 2, 'NN__hidden_layer_sizes': (15,), 'NN__alpha': 0.01}",116,0.5,0.5,0.5,0.5,0.5,0.5,0.5,0.5,0.5,0.5,0.012515456368143496,0.00031107207253992276,0.0,0.0
79,0.26200389862060547,0.004512500762939453,0.5,0.5,0.01,"(15,)",5,"{'ica__n_components': 5, 'NN__hidden_layer_sizes': (15,), 'NN__alpha': 0.01}",116,0.5,0.5,0.5,0.5,0.5,0.5,0.5,0.5,0.5,0.5,0.015929758322746655,0.00021875662231838797,0.0,0.0
80,0.35103297233581543,0.004458999633789063,0.5,0.5,0.01,"(15,)",10,"{'ica__n_components': 10, 'NN__hidden_layer_sizes': (15,), 'NN__alpha': 0.01}",116,0.5,0.5,0.5,0.5,0.5,0.5,0.5,0.5,0.5,0.5,0.04176550277840358,0.00021055244580904295,0.0,0.0
81,0.4931830406188965,0.004302978515625,0.5,0.5,0.01,"(15,)",15,"{'ica__n_components': 15, 'NN__hidden_layer_sizes': (15,), 'NN__alpha': 0.01}",116,0.5,0.5,0.5,0.5,0.5,0.5,0.5,0.5,0.5,0.5,0.03459621173840012,4.3722613298572605e-05,0.0,0.0
82,0.5575827598571778,0.004531955718994141,0.49423076923076925,0.5041346153846155,0.01,"(15,)",20,"{'ica__n_components': 20, 'NN__hidden_layer_sizes': (15,), 'NN__alpha': 0.01}",259,0.5,0.5,0.5,0.5,0.47115384615384615,0.520673076923077,0.5,0.5,0.5,0.5,0.016631878779034177,0.0002507627905031263,0.011538461538461543,0.008269230769230784
83,0.6104446411132812,0.004665994644165039,0.5,0.5,0.01,"(15,)",25,"{'ica__n_components': 25, 'NN__hidden_layer_sizes': (15,), 'NN__alpha': 0.01}",116,0.5,0.5,0.5,0.5,0.5,0.5,0.5,0.5,0.5,0.5,0.0027483111500116353,0.0003413896510996881,0.0,0.0
84,0.6653949737548828,0.004616594314575196,0.505,0.5126923076923078,0.01,"(15,)",30,"{'ica__n_components': 30, 'NN__hidden_layer_sizes': (15,), 'NN__alpha': 0.01}",102,0.5076923076923077,0.5192307692307693,0.49423076923076925,0.5192307692307693,0.5076923076923077,0.520673076923077,0.5038461538461538,0.4980769230769231,0.5115384615384615,0.50625,0.019863085497287623,0.0002645927498644446,0.005908573652206601,0.008992312627490935
85,0.7361943244934082,0.005395174026489258,0.5,0.5,0.01,"(15,)",35,"{'ica__n_components': 35, 'NN__hidden_layer_sizes': (15,), 'NN__alpha': 0.01}",116,0.5,0.5,0.5,0.5,0.5,0.5,0.5,0.5,0.5,0.5,0.018253747877897606,0.00019044174082066234,0.0,0.0
86,0.8253004550933838,0.00611419677734375,0.5034615384615385,0.5147115384615384,0.01,"(15,)",40,"{'ica__n_components': 40, 'NN__hidden_layer_sizes': (15,), 'NN__alpha': 0.01}",107,0.4980769230769231,0.510576923076923,0.5134615384615384,0.5447115384615384,0.5057692307692307,0.5158653846153847,0.5,0.5009615384615385,0.5,0.5014423076923077,0.019874341136457706,0.0018696816677133755,0.005626438014741439,0.016022243229539
87,0.8993391513824462,0.00571146011352539,0.5,0.5,0.01,"(15,)",45,"{'ica__n_components': 45, 'NN__hidden_layer_sizes': (15,), 'NN__alpha': 0.01}",116,0.5,0.5,0.5,0.5,0.5,0.5,0.5,0.5,0.5,0.5,0.01929597889128055,0.0002999311638175824,0.0,0.0
88,0.9627230167388916,0.005552530288696289,0.5,0.5,0.01,"(15,)",50,"{'ica__n_components': 50, 'NN__hidden_layer_sizes': (15,), 'NN__alpha': 0.01}",116,0.5,0.5,0.5,0.5,0.5,0.5,0.5,0.5,0.5,0.5,0.015848662477554783,0.0004945990521523669,0.0,0.0
89,1.0547173976898194,0.005240821838378906,0.5123076923076924,0.5183653846153846,0.01,"(15,)",55,"{'ica__n_components': 55, 'NN__hidden_layer_sizes': (15,), 'NN__alpha': 0.01}",88,0.5307692307692308,0.5552884615384616,0.5,0.5072115384615384,0.49615384615384617,0.5014423076923077,0.5,0.5,0.5346153846153846,0.5278846153846154,0.02521872224814484,0.00026236863938624384,0.016747339274674797,0.020985783438053397
90,1.1096711158752441,0.006155824661254883,0.5219230769230769,0.5279807692307693,0.01,"(15,)",60,"{'ica__n_components': 60, 'NN__hidden_layer_sizes': (15,), 'NN__alpha': 0.01}",79,0.5019230769230769,0.5072115384615384,0.5,0.49903846153846154,0.5,0.5,0.5576923076923077,0.5769230769230769,0.55,0.5567307692307693,0.013151183046225366,0.00033926639099604616,0.026187760816229557,0.03247723371931746
91,0.27345004081726076,0.004446506500244141,0.5,0.5,0.01,"(31,)",2,"{'ica__n_components': 2, 'NN__hidden_layer_sizes': (31,), 'NN__alpha': 0.01}",116,0.5,0.5,0.5,0.5,0.5,0.5,0.5,0.5,0.5,0.5,0.015050095170906688,0.00018058151184721362,0.0,0.0
92,0.2696977138519287,0.004324531555175782,0.5,0.5,0.01,"(31,)",5,"{'ica__n_components': 5, 'NN__hidden_layer_sizes': (31,), 'NN__alpha': 0.01}",116,0.5,0.5,0.5,0.5,0.5,0.5,0.5,0.5,0.5,0.5,0.007660670704769623,0.000263818258280958,0.0,0.0
93,0.3733232021331787,0.004534626007080078,0.525,0.5436538461538462,0.01,"(31,)",10,"{'ica__n_components': 10, 'NN__hidden_layer_sizes': (31,), 'NN__alpha': 0.01}",76,0.575,0.5980769230769231,0.5326923076923077,0.5370192307692307,0.5346153846153846,0.5461538461538461,0.475,0.5096153846153846,0.5076923076923077,0.5274038461538462,0.062278181567459734,8.72502033412969e-05,0.03301873235589962,0.02978193676369033
94,0.4995386600494385,0.004199981689453125,0.5765384615384616,0.5703846153846153,0.01,"(31,)",15,"{'ica__n_components': 15, 'NN__hidden_layer_sizes': (31,), 'NN__alpha': 0.01}",14,0.5788461538461539,0.5879807692307693,0.5807692307692308,0.5399038461538461,0.6153846153846154,0.5903846153846154,0.5423076923076923,0.5639423076923077,0.5653846153846154,0.5697115384615384,0.012278402218261961,0.00018894121089798569,0.023784038205754345,0.018333893661869383
95,0.5435257434844971,0.0046962261199951175,0.5096153846153846,0.5131730769230769,0.01,"(31,)",20,"{'ica__n_components': 20, 'NN__hidden_layer_sizes': (31,), 'NN__alpha': 0.01}",93,0.5,0.5,0.5480769230769231,0.5658653846153846,0.5,0.5,0.5,0.5,0.5,0.5,0.003490842712863068,0.0003863398570951822,0.01923076923076925,0.026346153846153842
96,0.625611400604248,0.00487985610961914,0.5146153846153846,0.5183653846153847,0.01,"(31,)",25,"{'ica__n_components': 25, 'NN__hidden_layer_sizes': (31,), 'NN__alpha': 0.01}",84,0.5596153846153846,0.5701923076923077,0.5,0.5,0.5,0.5,0.5134615384615384,0.520673076923077,0.5,0.5009615384615385,0.01688578721801872,0.00031916861431034943,0.023096145840003742,0.02708809319423218
97,0.7583357810974121,0.005459213256835937,0.5157692307692308,0.5316346153846154,0.01,"(31,)",30,"{'ica__n_components': 30, 'NN__hidden_layer_sizes': (31,), 'NN__alpha': 0.01}",83,0.4826923076923077,0.5403846153846154,0.5,0.5,0.5,0.5,0.5326923076923077,0.5370192307692307,0.5634615384615385,0.5807692307692308,0.06587084771954016,0.0009107627244442642,0.028817934915275675,0.030070799101119382
98,0.8485657691955566,0.006067037582397461,0.5311538461538462,0.5238461538461539,0.01,"(31,)",35,"{'ica__n_components': 35, 'NN__hidden_layer_sizes': (31,), 'NN__alpha': 0.01}",71,0.5,0.5,0.5980769230769231,0.5932692307692308,0.5365384615384615,0.5168269230769231,0.5211538461538462,0.5091346153846154,0.5,0.5,0.13273827818393408,0.000731489835217767,0.036190652295993046,0.03527758688026542
99,0.8094735622406006,0.005256795883178711,0.5,0.5,0.01,"(31,)",40,"{'ica__n_components': 40, 'NN__hidden_layer_sizes': (31,), 'NN__alpha': 0.01}",116,0.5,0.5,0.5,0.5,0.5,0.5,0.5,0.5,0.5,0.5,0.013913508075615767,0.00044696164104145717,0.0,0.0
100,0.9364380359649658,0.006501388549804687,0.546923076923077,0.5720192307692308,0.01,"(31,)",45,"{'ica__n_components': 45, 'NN__hidden_layer_sizes': (31,), 'NN__alpha': 0.01}",42,0.551923076923077,0.6024038461538461,0.5326923076923077,0.5471153846153847,0.5865384615384616,0.5889423076923077,0.5076923076923077,0.5298076923076923,0.5557692307692308,0.5918269230769231,0.01081829430843841,0.0024475877260696105,0.026131211925327757,0.028298323595986996
101,1.121306848526001,0.006235933303833008,0.5,0.5,0.01,"(31,)",50,"{'ica__n_components': 50, 'NN__hidden_layer_sizes': (31,), 'NN__alpha': 0.01}",116,0.5,0.5,0.5,0.5,0.5,0.5,0.5,0.5,0.5,0.5,0.1875427804838595,0.0017382231372729956,0.0,0.0
102,1.1117064476013183,0.005297183990478516,0.5423076923076923,0.5609615384615384,0.01,"(31,)",55,"{'ica__n_components': 55, 'NN__hidden_layer_sizes': (31,), 'NN__alpha': 0.01}",49,0.5192307692307693,0.5221153846153846,0.5557692307692308,0.5692307692307692,0.5096153846153846,0.5230769230769231,0.5615384615384615,0.60625,0.5653846153846154,0.5841346153846154,0.05176964101142864,0.0002871652170308651,0.023172877432910875,0.033468445352593315
103,1.116783857345581,0.006004905700683594,0.5,0.5,0.01,"(31,)",60,"{'ica__n_components': 60, 'NN__hidden_layer_sizes': (31,), 'NN__alpha': 0.01}",116,0.5,0.5,0.5,0.5,0.5,0.5,0.5,0.5,0.5,0.5,0.008163151380366065,0.0003521589012684494,0.0,0.0
104,0.28216004371643066,0.004949378967285156,0.5107692307692308,0.5153846153846154,0.01,"(62,)",2,"{'ica__n_components': 2, 'NN__hidden_layer_sizes': (62,), 'NN__alpha': 0.01}",91,0.5134615384615384,0.5158653846153847,0.5,0.5,0.5,0.5,0.5,0.5,0.5403846153846154,0.5610576923076923,0.023821675844222217,0.0006198709999016306,0.015698716639968104,0.02364876430713533
105,0.27263698577880857,0.0046615123748779295,0.5,0.5,0.01,"(62,)",5,"{'ica__n_components': 5, 'NN__hidden_layer_sizes': (62,), 'NN__alpha': 0.01}",116,0.5,0.5,0.5,0.5,0.5,0.5,0.5,0.5,0.5,0.5,0.007212837180699954,0.00014961584798275256,0.0,0.0
106,0.3691061496734619,0.004715347290039062,0.54,0.5395192307692308,0.01,"(62,)",10,"{'ica__n_components': 10, 'NN__hidden_layer_sizes': (62,), 'NN__alpha': 0.01}",53,0.575,0.5721153846153846,0.5019230769230769,0.4985576923076923,0.4980769230769231,0.4971153846153846,0.5807692307692308,0.5855769230769231,0.5442307692307692,0.5442307692307692,0.04854035588013607,6.502468020857758e-05,0.03496405593034927,0.03655667562216754
107,0.48021621704101564,0.004786348342895508,0.5,0.5,0.01,"(62,)",15,"{'ica__n_components': 15, 'NN__hidden_layer_sizes': (62,), 'NN__alpha': 0.01}",116,0.5,0.5,0.5,0.5,0.5,0.5,0.5,0.5,0.5,0.5,0.011115945267223407,0.00017387954423225003,0.0,0.0
108,0.5935976505279541,0.004878807067871094,0.5523076923076923,0.5667307692307691,0.01,"(62,)",20,"{'ica__n_components': 20, 'NN__hidden_layer_sizes': (62,), 'NN__alpha': 0.01}",29,0.5596153846153846,0.6048076923076923,0.5076923076923077,0.5274038461538462,0.5826923076923077,0.5740384615384615,0.575,0.5966346153846154,0.5365384615384615,0.5307692307692308,0.024815342148273824,0.00012437339127577117,0.027315816776253405,0.032364590465141535
109,0.6337978363037109,0.004860734939575196,0.5,0.5,0.01,"(62,)",25,"{'ica__n_components': 25, 'NN__hidden_layer_sizes': (62,), 'NN__alpha': 0.01}",116,0.5,0.5,0.5,0.5,0.5,0.5,0.5,0.5,0.5,0.5,0.015608753513391863,0.0001222462615417214,0.0,0.0
110,0.7176258087158203,0.005037164688110352,0.5365384615384615,0.5502884615384616,0.01,"(62,)",30,"{'ica__n_components': 30, 'NN__hidden_layer_sizes': (62,), 'NN__alpha': 0.01}",62,0.4980769230769231,0.5163461538461539,0.575,0.5966346153846154,0.5307692307692308,0.5076923076923077,0.5788461538461539,0.5975961538461538,0.5,0.5331730769230769,0.016765803807609662,0.00011470947940133645,0.03497674629042972,0.039103536137560985
111,0.7933012008666992,0.006688833236694336,0.5330769230769231,0.5391346153846154,0.01,"(62,)",35,"{'ica__n_components': 35, 'NN__hidden_layer_sizes': (62,), 'NN__alpha': 0.01}",68,0.5769230769230769,0.5903846153846154,0.5192307692307693,0.5168269230769231,0.5153846153846153,0.520673076923077,0.5211538461538462,0.5298076923076923,0.5326923076923077,0.5379807692307692,0.010684485067328098,0.00048464308173307543,0.022669480043525175,0.026658382897284377
112,0.8191726207733154,0.006149768829345703,0.5,0.5,0.01,"(62,)",40,"{'ica__n_components': 40, 'NN__hidden_layer_sizes': (62,), 'NN__alpha': 0.01}",116,0.5,0.5,0.5,0.5,0.5,0.5,0.5,0.5,0.5,0.5,0.010659239371475001,0.0005135906980016572,0.0,0.0
113,0.9258327484130859,0.0059470653533935545,0.551923076923077,0.5674038461538462,0.01,"(62,)",45,"{'ica__n_components': 45, 'NN__hidden_layer_sizes': (62,), 'NN__alpha': 0.01}",32,0.5,0.5,0.5711538461538461,0.5764423076923076,0.5615384615384615,0.5884615384615385,0.5461538461538461,0.583173076923077,0.5807692307692308,0.5889423076923077,0.022097219127356238,0.00019830455248296696,0.02836782909936274,0.0340028605653586
114,1.0012912273406982,0.006272649765014649,0.5373076923076923,0.5553846153846154,0.01,"(62,)",50,"{'ica__n_components': 50, 'NN__hidden_layer_sizes': (62,), 'NN__alpha': 0.01}",56,0.5326923076923077,0.5557692307692308,0.5942307692307692,0.5923076923076923,0.5384615384615384,0.573076923076923,0.5057692307692307,0.5240384615384616,0.5153846153846153,0.5317307692307692,0.011415755348499751,0.0004734694912336528,0.030783650467328845,0.025371500108418477
115,1.1072094440460205,0.006086826324462891,0.5496153846153846,0.5711538461538461,0.01,"(62,)",55,"{'ica__n_components': 55, 'NN__hidden_layer_sizes': (62,), 'NN__alpha': 0.01}",36,0.5692307692307692,0.5971153846153846,0.5692307692307692,0.5764423076923076,0.5,0.5,0.5403846153846154,0.5995192307692307,0.5692307692307692,0.5826923076923077,0.005420706789688946,0.00014123277501617922,0.027207291052042136,0.036613031194568386
116,1.156803560256958,0.006907272338867188,0.5415384615384615,0.57875,0.01,"(62,)",60,"{'ica__n_components': 60, 'NN__hidden_layer_sizes': (62,), 'NN__alpha': 0.01}",52,0.573076923076923,0.6163461538461539,0.5557692307692308,0.59375,0.5,0.5,0.5307692307692308,0.5740384615384615,0.5480769230769231,0.6096153846153847,0.020010435232281926,0.0004959308042463366,0.024824830097084496,0.04198786454716137
117,0.2927665710449219,0.004631996154785156,0.5453846153846154,0.5482692307692307,0.01,"(124,)",2,"{'ica__n_components': 2, 'NN__hidden_layer_sizes': (124,), 'NN__alpha': 0.01}",45,0.5961538461538461,0.6173076923076923,0.5,0.5,0.625,0.6014423076923077,0.5,0.5,0.5057692307692307,0.5225961538461539,0.022198891328322576,0.00036931716673827274,0.05404633120906324,0.05081855849563193
118,0.28928413391113283,0.005115604400634766,0.5584615384615385,0.56375,0.01,"(124,)",5,"{'ica__n_components': 5, 'NN__hidden_layer_sizes': (124,), 'NN__alpha': 0.01}",24,0.5,0.5,0.5288461538461539,0.5269230769230769,0.5884615384615385,0.5923076923076923,0.5961538461538461,0.6197115384615385,0.5788461538461539,0.5798076923076924,0.010582991907740454,0.0004268480100372924,0.0374995069001111,0.04387566483253606
119,0.3880167484283447,0.004506444931030274,0.5373076923076923,0.5522115384615385,0.01,"(124,)",10,"{'ica__n_components': 10, 'NN__hidden_layer_sizes': (124,), 'NN__alpha': 0.01}",56,0.5826923076923077,0.5774038461538461,0.525,0.55,0.5096153846153846,0.5221153846153846,0.5365384615384615,0.5639423076923077,0.5326923076923077,0.5475961538461539,0.04515876487682791,0.00011956244609607518,0.024494897427831803,0.01846203925602812
120,0.5533528327941895,0.004407930374145508,0.5792307692307692,0.5808653846153846,0.01,"(124,)",15,"{'ica__n_components': 15, 'NN__hidden_layer_sizes': (124,), 'NN__alpha': 0.01}",11,0.5865384615384616,0.5870192307692308,0.5653846153846154,0.5697115384615384,0.6076923076923076,0.583173076923077,0.5942307692307692,0.5846153846153846,0.5423076923076923,0.5798076923076924,0.028686948913620437,0.00010302390961070546,0.02299343873482327,0.0060462345854855925
121,0.6155059337615967,0.004726409912109375,0.5492307692307692,0.5686538461538462,0.01,"(124,)",20,"{'ica__n_components': 20, 'NN__hidden_layer_sizes': (124,), 'NN__alpha': 0.01}",37,0.5711538461538461,0.6038461538461538,0.5884615384615385,0.5860576923076923,0.5173076923076924,0.5389423076923077,0.5134615384615384,0.5158653846153847,0.5557692307692308,0.5985576923076923,0.021581427030534804,8.422164569356462e-05,0.029532852031465336,0.034942895088411925
122,0.6824396133422852,0.004938602447509766,0.5703846153846154,0.580673076923077,0.01,"(124,)",25,"{'ica__n_components': 25, 'NN__hidden_layer_sizes': (124,), 'NN__alpha': 0.01}",21,0.5769230769230769,0.5947115384615385,0.5865384615384616,0.5879807692307693,0.6038461538461538,0.5903846153846154,0.5153846153846153,0.5259615384615385,0.5692307692307692,0.604326923076923,0.033778174301455216,0.00027379390041651716,0.029831876045638958,0.027920070297973578
123,0.6989960193634033,0.004897642135620117,0.49961538461538463,0.5171153846153846,0.01,"(124,)",30,"{'ica__n_components': 30, 'NN__hidden_layer_sizes': (124,), 'NN__alpha': 0.01}",247,0.5115384615384615,0.5264423076923077,0.49423076923076925,0.54375,0.525,0.5120192307692307,0.5,0.5173076923076924,0.4673076923076923,0.4860576923076923,0.01767387741543058,0.00012487220820970704,0.019284540210341036,0.018904931888376157
124,0.7790244579315185,0.005631113052368164,0.5357692307692308,0.5597115384615384,0.01,"(124,)",35,"{'ica__n_components': 35, 'NN__hidden_layer_sizes': (124,), 'NN__alpha': 0.01}",65,0.5,0.5,0.5076923076923077,0.5331730769230769,0.5942307692307692,0.5855769230769231,0.5403846153846154,0.604326923076923,0.5365384615384615,0.5754807692307692,0.019156881298264115,0.0018235270519672262,0.033188541545853274,0.0378892519614888
125,0.8612588405609131,0.004492950439453125,0.5434615384615384,0.5592307692307692,0.01,"(124,)",40,"{'ica__n_components': 40, 'NN__hidden_layer_sizes': (124,), 'NN__alpha': 0.01}",46,0.5903846153846154,0.6173076923076923,0.5576923076923077,0.5740384615384615,0.5057692307692307,0.5014423076923077,0.5538461538461539,0.56875,0.5096153846153846,0.5346153846153846,0.046871499883807344,0.0002312385601767664,0.03186974228594863,0.0390595339110583
126,0.952502965927124,0.005478811264038086,0.5930769230769231,0.6017307692307693,0.01,"(124,)",45,"{'ica__n_components': 45, 'NN__hidden_layer_sizes': (124,), 'NN__alpha': 0.01}",1,0.6019230769230769,0.6120192307692308,0.6019230769230769,0.6052884615384615,0.6,0.5860576923076923,0.5865384615384616,0.5990384615384615,0.575,0.60625,0.01140959904516252,0.0003645433453322635,0.010714144828603169,0.008852422528064537
127,1.0110005855560302,0.005512619018554687,0.58,0.5844230769230769,0.01,"(124,)",50,"{'ica__n_components': 50, 'NN__hidden_layer_sizes': (124,), 'NN__alpha': 0.01}",10,0.575,0.5764423076923076,0.6076923076923076,0.6139423076923077,0.6192307692307693,0.6019230769230769,0.525,0.5317307692307692,0.573076923076923,0.5980769230769231,0.021042172408357374,0.00046869819678189604,0.032875054840550914,0.028997360112450316
128,1.1119969844818116,0.005532026290893555,0.5811538461538461,0.6057692307692307,0.01,"(124,)",55,"{'ica__n_components': 55, 'NN__hidden_layer_sizes': (124,), 'NN__alpha': 0.01}",9,0.5711538461538461,0.6096153846153847,0.5923076923076923,0.6125,0.5865384615384616,0.6086538461538461,0.5692307692307692,0.6182692307692308,0.5865384615384616,0.5798076923076924,0.018186162601000193,0.00024146108059671157,0.00921472965439305,0.013406480813794894
129,1.202821636199951,0.006008291244506836,0.5911538461538461,0.615,0.01,"(124,)",60,"{'ica__n_components': 60, 'NN__hidden_layer_sizes': (124,), 'NN__alpha': 0.01}",2,0.5980769230769231,0.6177884615384616,0.5942307692307692,0.6230769230769231,0.6192307692307693,0.6230769230769231,0.5903846153846154,0.6091346153846153,0.5538461538461539,0.6019230769230769,0.029088682111686765,0.0004244508210157667,0.021157342368423173,0.008290446844153818
130,0.26801180839538574,0.004458236694335938,0.5,0.5,1e-05,"(7,)",2,"{'ica__n_components': 2, 'NN__hidden_layer_sizes': (7,), 'NN__alpha': 1e-05}",116,0.5,0.5,0.5,0.5,0.5,0.5,0.5,0.5,0.5,0.5,0.019786733868399672,0.00038997375368278827,0.0,0.0
131,0.26941142082214353,0.004250144958496094,0.5,0.5,1e-05,"(7,)",5,"{'ica__n_components': 5, 'NN__hidden_layer_sizes': (7,), 'NN__alpha': 1e-05}",116,0.5,0.5,0.5,0.5,0.5,0.5,0.5,0.5,0.5,0.5,0.007997307052337524,0.00015190071103947172,0.0,0.0
132,0.34947996139526366,0.004618215560913086,0.5,0.5,1e-05,"(7,)",10,"{'ica__n_components': 10, 'NN__hidden_layer_sizes': (7,), 'NN__alpha': 1e-05}",116,0.5,0.5,0.5,0.5,0.5,0.5,0.5,0.5,0.5,0.5,0.05046711258209311,0.00035943194254383097,0.0,0.0
133,0.47107706069946287,0.004459762573242187,0.5,0.5,1e-05,"(7,)",15,"{'ica__n_components': 15, 'NN__hidden_layer_sizes': (7,), 'NN__alpha': 1e-05}",116,0.5,0.5,0.5,0.5,0.5,0.5,0.5,0.5,0.5,0.5,0.014806041869481932,0.0002686487007580943,0.0,0.0
134,0.5338891029357911,0.005080652236938476,0.5,0.5,1e-05,"(7,)",20,"{'ica__n_components': 20, 'NN__hidden_layer_sizes': (7,), 'NN__alpha': 1e-05}",116,0.5,0.5,0.5,0.5,0.5,0.5,0.5,0.5,0.5,0.5,0.009767774816294015,0.0013448645029979084,0.0,0.0
135,0.5987761974334717,0.0044666767120361325,0.5,0.5,1e-05,"(7,)",25,"{'ica__n_components': 25, 'NN__hidden_layer_sizes': (7,), 'NN__alpha': 1e-05}",116,0.5,0.5,0.5,0.5,0.5,0.5,0.5,0.5,0.5,0.5,0.011601249342501029,8.577034736539799e-05,0.0,0.0
136,0.6599008083343506,0.004544210433959961,0.5,0.5,1e-05,"(7,)",30,"{'ica__n_components': 30, 'NN__hidden_layer_sizes': (7,), 'NN__alpha': 1e-05}",116,0.5,0.5,0.5,0.5,0.5,0.5,0.5,0.5,0.5,0.5,0.010394766392031154,0.0003239649128859724,0.0,0.0
137,0.7368093967437744,0.005506038665771484,0.5,0.5,1e-05,"(7,)",35,"{'ica__n_components': 35, 'NN__hidden_layer_sizes': (7,), 'NN__alpha': 1e-05}",116,0.5,0.5,0.5,0.5,0.5,0.5,0.5,0.5,0.5,0.5,0.01608192881024673,0.00027184920900516014,0.0,0.0
138,0.8178973197937012,0.005652236938476563,0.5,0.5,1e-05,"(7,)",40,"{'ica__n_components': 40, 'NN__hidden_layer_sizes': (7,), 'NN__alpha': 1e-05}",116,0.5,0.5,0.5,0.5,0.5,0.5,0.5,0.5,0.5,0.5,0.010164733001715772,0.0003932428197799772,0.0,0.0
139,0.9021034717559815,0.005418539047241211,0.5,0.5,1e-05,"(7,)",45,"{'ica__n_components': 45, 'NN__hidden_layer_sizes': (7,), 'NN__alpha': 1e-05}",116,0.5,0.5,0.5,0.5,0.5,0.5,0.5,0.5,0.5,0.5,0.013390073636150423,0.00035456833233234874,0.0,0.0
140,0.9698490619659423,0.005339336395263672,0.49923076923076926,0.5035576923076922,1e-05,"(7,)",50,"{'ica__n_components': 50, 'NN__hidden_layer_sizes': (7,), 'NN__alpha': 1e-05}",251,0.5076923076923077,0.5081730769230769,0.49038461538461536,0.5024038461538461,0.5,0.5052884615384615,0.5,0.49903846153846154,0.4980769230769231,0.5028846153846154,0.010663283805882065,0.0003100890187857555,0.005520269267079738,0.0030497599090680096
141,1.0581449031829835,0.005072021484375,0.5,0.5,1e-05,"(7,)",55,"{'ica__n_components': 55, 'NN__hidden_layer_sizes': (7,), 'NN__alpha': 1e-05}",116,0.5,0.5,0.5,0.5,0.5,0.5,0.5,0.5,0.5,0.5,0.008825329635382255,0.0001825533305770787,0.0,0.0
142,1.107535219192505,0.006623649597167968,0.5,0.5,1e-05,"(7,)",60,"{'ica__n_components': 60, 'NN__hidden_layer_sizes': (7,), 'NN__alpha': 1e-05}",116,0.5,0.5,0.5,0.5,0.5,0.5,0.5,0.5,0.5,0.5,0.010779346312280667,0.0006418516795907454,0.0,0.0
143,0.26764822006225586,0.004368782043457031,0.5,0.5,1e-05,"(15,)",2,"{'ica__n_components': 2, 'NN__hidden_layer_sizes': (15,), 'NN__alpha': 1e-05}",116,0.5,0.5,0.5,0.5,0.5,0.5,0.5,0.5,0.5,0.5,0.01266019938237812,0.00018829942561246742,0.0,0.0
144,0.2721427917480469,0.004349851608276367,0.5,0.5,1e-05,"(15,)",5,"{'ica__n_components': 5, 'NN__hidden_layer_sizes': (15,), 'NN__alpha': 1e-05}",116,0.5,0.5,0.5,0.5,0.5,0.5,0.5,0.5,0.5,0.5,0.014819709053306982,0.0003394481654329237,0.0,0.0
145,0.35559706687927245,0.00469517707824707,0.5,0.5,1e-05,"(15,)",10,"{'ica__n_components': 10, 'NN__hidden_layer_sizes': (15,), 'NN__alpha': 1e-05}",116,0.5,0.5,0.5,0.5,0.5,0.5,0.5,0.5,0.5,0.5,0.04875968396435235,0.0002470132464185898,0.0,0.0
146,0.4702293872833252,0.00436558723449707,0.5,0.5,1e-05,"(15,)",15,"{'ica__n_components': 15, 'NN__hidden_layer_sizes': (15,), 'NN__alpha': 1e-05}",116,0.5,0.5,0.5,0.5,0.5,0.5,0.5,0.5,0.5,0.5,0.0055328523527288734,0.0002082208482878554,0.0,0.0
147,0.5507602214813232,0.0044707775115966795,0.4946153846153846,0.5037499999999999,1e-05,"(15,)",20,"{'ica__n_components': 20, 'NN__hidden_layer_sizes': (15,), 'NN__alpha': 1e-05}",257,0.5,0.5,0.5,0.5,0.47307692307692306,0.51875,0.5,0.5,0.5,0.5,0.013522817293107822,0.00010042822239236519,0.010769230769230776,0.007500000000000018
148,0.6119868278503418,0.004661130905151367,0.5,0.5,1e-05,"(15,)",25,"{'ica__n_components': 25, 'NN__hidden_layer_sizes': (15,), 'NN__alpha': 1e-05}",116,0.5,0.5,0.5,0.5,0.5,0.5,0.5,0.5,0.5,0.5,0.01306560916897956,0.00014628524706462024,0.0,0.0
149,0.665785837173462,0.004605436325073242,0.505,0.5132692307692308,1e-05,"(15,)",30,"{'ica__n_components': 30, 'NN__hidden_layer_sizes': (15,), 'NN__alpha': 1e-05}",102,0.5057692307692307,0.51875,0.49423076923076925,0.5201923076923077,0.5076923076923077,0.5211538461538462,0.5038461538461538,0.4980769230769231,0.5134615384615384,0.5081730769230769,0.009618282383597309,0.00010785868901949123,0.006272887088576935,0.008909679929700308
150,0.7386738777160644,0.005729961395263672,0.5,0.5,1e-05,"(15,)",35,"{'ica__n_components': 35, 'NN__hidden_layer_sizes': (15,), 'NN__alpha': 1e-05}",116,0.5,0.5,0.5,0.5,0.5,0.5,0.5,0.5,0.5,0.5,0.015010338602570212,0.0002519893503674528,0.0,0.0
151,0.8086004257202148,0.005421781539916992,0.5034615384615385,0.5145192307692308,1e-05,"(15,)",40,"{'ica__n_components': 40, 'NN__hidden_layer_sizes': (15,), 'NN__alpha': 1e-05}",107,0.4980769230769231,0.5100961538461538,0.5134615384615384,0.5447115384615384,0.5057692307692307,0.5153846153846153,0.5,0.5009615384615385,0.5,0.5014423076923077,0.014246751815754808,0.00048107433295554455,0.005626438014741439,0.016041850776371176
152,0.89736909866333,0.005841302871704102,0.5,0.5,1e-05,"(15,)",45,"{'ica__n_components': 45, 'NN__hidden_layer_sizes': (15,), 'NN__alpha': 1e-05}",116,0.5,0.5,0.5,0.5,0.5,0.5,0.5,0.5,0.5,0.5,0.015766120245673886,0.0012289739664302132,0.0,0.0
153,0.9673559188842773,0.0050904273986816405,0.5,0.5,1e-05,"(15,)",50,"{'ica__n_components': 50, 'NN__hidden_layer_sizes': (15,), 'NN__alpha': 1e-05}",116,0.5,0.5,0.5,0.5,0.5,0.5,0.5,0.5,0.5,0.5,0.007129980589654642,0.0001525643747805823,0.0,0.0
154,1.0788694381713868,0.005448579788208008,0.5123076923076924,0.518173076923077,1e-05,"(15,)",55,"{'ica__n_components': 55, 'NN__hidden_layer_sizes': (15,), 'NN__alpha': 1e-05}",88,0.5288461538461539,0.5533653846153846,0.5,0.5072115384615384,0.4980769230769231,0.5019230769230769,0.5,0.5,0.5346153846153846,0.5283653846153846,0.028623221636963316,0.0002613848461656613,0.015978906213723835,0.020282308582114588
155,1.1249760627746581,0.005667209625244141,0.5223076923076924,0.53,1e-05,"(15,)",60,"{'ica__n_components': 60, 'NN__hidden_layer_sizes': (15,), 'NN__alpha': 1e-05}",77,0.5019230769230769,0.5076923076923077,0.5,0.49903846153846154,0.5,0.5,0.5557692307692308,0.5764423076923076,0.5538461538461539,0.5668269230769231,0.013759485040703361,0.0005972947781367685,0.02655239322168187,0.03426181608467534
156,0.27321958541870117,0.004577016830444336,0.5,0.5,1e-05,"(31,)",2,"{'ica__n_components': 2, 'NN__hidden_layer_sizes': (31,), 'NN__alpha': 1e-05}",116,0.5,0.5,0.5,0.5,0.5,0.5,0.5,0.5,0.5,0.5,0.01096244507317687,0.0001435954230156136,0.0,0.0
157,0.26671605110168456,0.004729747772216797,0.5,0.5,1e-05,"(31,)",5,"{'ica__n_components': 5, 'NN__hidden_layer_sizes': (31,), 'NN__alpha': 1e-05}",116,0.5,0.5,0.5,0.5,0.5,0.5,0.5,0.5,0.5,0.5,0.007022609911264726,0.0009223351832666288,0.0,0.0
158,0.37134861946105957,0.004422330856323242,0.5365384615384615,0.5497115384615385,1e-05,"(31,)",10,"{'ica__n_components': 10, 'NN__hidden_layer_sizes': (31,), 'NN__alpha': 1e-05}",62,0.573076923076923,0.583173076923077,0.5923076923076923,0.583173076923077,0.5346153846153846,0.5456730769230769,0.475,0.510576923076923,0.5076923076923077,0.5259615384615385,0.05860271593934068,0.00010864372333180198,0.04258649395589665,0.029499962390909757
159,0.5036898136138916,0.004337930679321289,0.5773076923076923,0.5720192307692307,1e-05,"(31,)",15,"{'ica__n_components': 15, 'NN__hidden_layer_sizes': (31,), 'NN__alpha': 1e-05}",12,0.5769230769230769,0.5942307692307692,0.5826923076923077,0.541826923076923,0.6192307692307693,0.5903846153846154,0.5442307692307692,0.5639423076923077,0.5634615384615385,0.5697115384615384,0.012019950344637126,0.0002595134968091385,0.024789050837418513,0.01904088951107016
160,0.5453120708465576,0.004668378829956054,0.5092307692307693,0.5132692307692308,1e-05,"(31,)",20,"{'ica__n_components': 20, 'NN__hidden_layer_sizes': (31,), 'NN__alpha': 1e-05}",97,0.5,0.5,0.5461538461538461,0.5663461538461538,0.5,0.5,0.5,0.5,0.5,0.5,0.012772036482202017,0.00040130748381411935,0.01846153846153844,0.026538461538461535
161,0.6194977760314941,0.004918098449707031,0.5169230769230769,0.5222115384615386,1e-05,"(31,)",25,"{'ica__n_components': 25, 'NN__hidden_layer_sizes': (31,), 'NN__alpha': 1e-05}",81,0.5711538461538461,0.5875,0.5,0.5,0.5,0.5,0.5134615384615384,0.5225961538461539,0.5,0.5009615384615385,0.01752968436342883,0.00028456333625076166,0.027612063224303936,0.0337668432658727
162,0.6357856273651123,0.004633808135986328,0.5146153846153846,0.5314423076923076,1e-05,"(31,)",30,"{'ica__n_components': 30, 'NN__hidden_layer_sizes': (31,), 'NN__alpha': 1e-05}",84,0.4807692307692308,0.5399038461538461,0.5,0.5,0.5,0.5,0.5307692307692308,0.5355769230769231,0.5615384615384615,0.5817307692307693,0.027745875295919008,0.0003765862506342041,0.028409515865568287,0.030314549204814592
163,0.7396454334259033,0.005911922454833985,0.5307692307692308,0.5238461538461539,1e-05,"(31,)",35,"{'ica__n_components': 35, 'NN__hidden_layer_sizes': (31,), 'NN__alpha': 1e-05}",72,0.5,0.5,0.5980769230769231,0.5927884615384615,0.5365384615384615,0.5153846153846153,0.5192307692307693,0.5110576923076923,0.5,0.5,0.02372455192598392,0.00022027903216592423,0.03630492166742831,0.03500132076966957
164,0.8179638385772705,0.005504179000854492,0.5,0.5,1e-05,"(31,)",40,"{'ica__n_components': 40, 'NN__hidden_layer_sizes': (31,), 'NN__alpha': 1e-05}",116,0.5,0.5,0.5,0.5,0.5,0.5,0.5,0.5,0.5,0.5,0.015743890433063734,0.0005098906577560545,0.0,0.0
165,0.9350461959838867,0.005175399780273438,0.5480769230769231,0.5735576923076924,1e-05,"(31,)",45,"{'ica__n_components': 45, 'NN__hidden_layer_sizes': (31,), 'NN__alpha': 1e-05}",38,0.5480769230769231,0.6028846153846154,0.5442307692307692,0.5557692307692308,0.5788461538461539,0.5865384615384616,0.5096153846153846,0.5307692307692308,0.5596153846153846,0.5918269230769231,0.01924544105516511,0.0001155369054445635,0.022689048005773302,0.026493830921991566
166,0.9679483890533447,0.005161571502685547,0.5,0.5,1e-05,"(31,)",50,"{'ica__n_components': 50, 'NN__hidden_layer_sizes': (31,), 'NN__alpha': 1e-05}",116,0.5,0.5,0.5,0.5,0.5,0.5,0.5,0.5,0.5,0.5,0.018164040364802257,0.000154822159659867,0.0,0.0
167,1.1044984817504884,0.0052887916564941405,0.5473076923076923,0.5700000000000001,1e-05,"(31,)",55,"{'ica__n_components': 55, 'NN__hidden_layer_sizes': (31,), 'NN__alpha': 1e-05}",40,0.5480769230769231,0.5759615384615384,0.5653846153846154,0.5764423076923076,0.5096153846153846,0.5216346153846154,0.5423076923076923,0.5932692307692308,0.5711538461538461,0.5826923076923077,0.015283713150388272,0.0003787981119257508,0.021641238302515697,0.024975209602214665
168,1.1612059593200683,0.006358003616333008,0.5,0.5,1e-05,"(31,)",60,"{'ica__n_components': 60, 'NN__hidden_layer_sizes': (31,), 'NN__alpha': 1e-05}",116,0.5,0.5,0.5,0.5,0.5,0.5,0.5,0.5,0.5,0.5,0.09357633045859633,0.0008112934314741016,0.0,0.0
169,0.27666435241699217,0.004912424087524414,0.5096153846153846,0.515576923076923,1e-05,"(62,)",2,"{'ica__n_components': 2, 'NN__hidden_layer_sizes': (62,), 'NN__alpha': 1e-05}",93,0.5134615384615384,0.5153846153846153,0.5,0.5,0.5,0.5,0.5,0.5,0.5346153846153846,0.5625,0.02884924146128645,0.0004543833397534279,0.01354370527819923,0.024206336888553174
170,0.26984758377075196,0.00473179817199707,0.5,0.5,1e-05,"(62,)",5,"{'ica__n_components': 5, 'NN__hidden_layer_sizes': (62,), 'NN__alpha': 1e-05}",116,0.5,0.5,0.5,0.5,0.5,0.5,0.5,0.5,0.5,0.5,0.007181611581517862,0.0004005907405175939,0.0,0.0
171,0.3713837623596191,0.004991054534912109,0.5576923076923077,0.5567307692307693,1e-05,"(62,)",10,"{'ica__n_components': 10, 'NN__hidden_layer_sizes': (62,), 'NN__alpha': 1e-05}",25,0.573076923076923,0.5706730769230769,0.5961538461538461,0.5865384615384616,0.4980769230769231,0.4980769230769231,0.5769230769230769,0.5836538461538462,0.5442307692307692,0.5447115384615384,0.05458066219656502,0.00032188867553137405,0.03412039248648749,0.03284044491911167
172,0.46605558395385743,0.004870796203613281,0.5,0.5,1e-05,"(62,)",15,"{'ica__n_components': 15, 'NN__hidden_layer_sizes': (62,), 'NN__alpha': 1e-05}",116,0.5,0.5,0.5,0.5,0.5,0.5,0.5,0.5,0.5,0.5,0.010449652571721616,0.00012836546635416153,0.0,0.0
173,0.5669749736785888,0.005044984817504883,0.5503846153846154,0.5614423076923077,1e-05,"(62,)",20,"{'ica__n_components': 20, 'NN__hidden_layer_sizes': (62,), 'NN__alpha': 1e-05}",34,0.5557692307692308,0.6014423076923077,0.5057692307692307,0.5298076923076923,0.5826923076923077,0.5754807692307692,0.5711538461538461,0.56875,0.5365384615384615,0.5317307692307692,0.01948344092356758,0.00028716990437143846,0.02715286553034277,0.027327660629899473
174,0.6092854499816894,0.004979610443115234,0.5,0.5,1e-05,"(62,)",25,"{'ica__n_components': 25, 'NN__hidden_layer_sizes': (62,), 'NN__alpha': 1e-05}",116,0.5,0.5,0.5,0.5,0.5,0.5,0.5,0.5,0.5,0.5,0.01036371355850242,0.00023778435273944494,0.0,0.0
175,0.6867103576660156,0.0049933910369873045,0.5376923076923077,0.5506730769230769,1e-05,"(62,)",30,"{'ica__n_components': 30, 'NN__hidden_layer_sizes': (62,), 'NN__alpha': 1e-05}",54,0.4980769230769231,0.5158653846153847,0.5769230769230769,0.5975961538461538,0.5307692307692308,0.5081730769230769,0.5769230769230769,0.5971153846153846,0.5057692307692307,0.5346153846153846,0.01674897193691757,0.00015136627600283902,0.03380679529745495,0.03907515327609471
176,0.7644223690032959,0.006462383270263672,0.5373076923076923,0.5473076923076923,1e-05,"(62,)",35,"{'ica__n_components': 35, 'NN__hidden_layer_sizes': (62,), 'NN__alpha': 1e-05}",56,0.5769230769230769,0.5899038461538462,0.5192307692307693,0.5177884615384616,0.5365384615384615,0.5620192307692308,0.5192307692307693,0.5302884615384615,0.5346153846153846,0.5365384615384615,0.03254619296682528,0.0003341711206869314,0.02112235418114763,0.025721108914410786
177,0.7955964088439942,0.00600738525390625,0.5,0.5,1e-05,"(62,)",40,"{'ica__n_components': 40, 'NN__hidden_layer_sizes': (62,), 'NN__alpha': 1e-05}",116,0.5,0.5,0.5,0.5,0.5,0.5,0.5,0.5,0.5,0.5,0.013878909445416927,0.00031557659537018986,0.0,0.0
178,0.9114253997802735,0.005934619903564453,0.5523076923076923,0.5671153846153846,1e-05,"(62,)",45,"{'ica__n_components': 45, 'NN__hidden_layer_sizes': (62,), 'NN__alpha': 1e-05}",29,0.5,0.5,0.575,0.5778846153846153,0.5653846153846154,0.5884615384615385,0.5442307692307692,0.5817307692307693,0.5769230769230769,0.5875,0.01340839141056701,0.00023264559985700323,0.028611869097534277,0.033779435990821234
179,0.9827998638153076,0.006403589248657226,0.5357692307692308,0.5554807692307693,1e-05,"(62,)",50,"{'ica__n_components': 50, 'NN__hidden_layer_sizes': (62,), 'NN__alpha': 1e-05}",65,0.5365384615384615,0.5557692307692308,0.5961538461538461,0.6091346153846153,0.5269230769230769,0.5576923076923077,0.5038461538461538,0.5245192307692308,0.5153846153846153,0.5302884615384615,0.013635350686914086,0.0003635201656038586,0.032124020027417086,0.029923163436695162
180,1.0577333450317383,0.006428241729736328,0.5538461538461539,0.571346153846154,1e-05,"(62,)",55,"{'ica__n_components': 55, 'NN__hidden_layer_sizes': (62,), 'NN__alpha': 1e-05}",27,0.5846153846153846,0.5947115384615385,0.5711538461538461,0.5793269230769231,0.5,0.5,0.5461538461538461,0.6014423076923077,0.5673076923076923,0.58125,0.021192650478029425,0.0007093884302720127,0.029617882012582246,0.03661631382143515
181,1.141530418395996,0.00659027099609375,0.5426923076923077,0.5800961538461539,1e-05,"(62,)",60,"{'ica__n_components': 60, 'NN__hidden_layer_sizes': (62,), 'NN__alpha': 1e-05}",47,0.5807692307692308,0.6240384615384615,0.5576923076923077,0.5918269230769231,0.5,0.5,0.5269230769230769,0.5754807692307692,0.5480769230769231,0.6091346153846153,0.012716785981096473,0.00027413984067179966,0.027477801691525788,0.043239947355856914
182,0.2850675106048584,0.00455164909362793,0.541923076923077,0.5456730769230769,1e-05,"(124,)",2,"{'ica__n_components': 2, 'NN__hidden_layer_sizes': (124,), 'NN__alpha': 1e-05}",50,0.5865384615384616,0.6038461538461538,0.5,0.5,0.6173076923076923,0.6024038461538461,0.5,0.5,0.5057692307692307,0.5221153846153846,0.020327985488463166,0.00019450263083784777,0.04999112347242763,0.04760149542676052
183,0.28168416023254395,0.004550647735595703,0.5596153846153846,0.5634615384615385,1e-05,"(124,)",5,"{'ica__n_components': 5, 'NN__hidden_layer_sizes': (124,), 'NN__alpha': 1e-05}",22,0.5,0.5,0.5288461538461539,0.5264423076923077,0.5961538461538461,0.5923076923076923,0.5961538461538461,0.6201923076923077,0.5769230769230769,0.5783653846153847,0.01142976523537786,0.00017019609422081608,0.03865336777354188,0.043978166651326374
184,0.3730617523193359,0.004784679412841797,0.5373076923076923,0.5530769230769231,1e-05,"(124,)",10,"{'ica__n_components': 10, 'NN__hidden_layer_sizes': (124,), 'NN__alpha': 1e-05}",56,0.5826923076923077,0.5793269230769231,0.525,0.5504807692307693,0.5096153846153846,0.5225961538461539,0.5365384615384615,0.5658653846153846,0.5326923076923077,0.5471153846153847,0.044522874263225494,0.00023410133679061266,0.024494897427831803,0.019099552335284823
185,0.5005471229553222,0.004586696624755859,0.575,0.5760576923076923,1e-05,"(124,)",15,"{'ica__n_components': 15, 'NN__hidden_layer_sizes': (124,), 'NN__alpha': 1e-05}",16,0.5903846153846154,0.5913461538461539,0.5692307692307692,0.56875,0.573076923076923,0.5533653846153846,0.6,0.5846153846153846,0.5423076923076923,0.5822115384615385,0.01344668700657637,0.0001919946195852751,0.01983661070496559,0.0135143196025374
186,0.5740696430206299,0.005011987686157226,0.5280769230769231,0.5464423076923077,1e-05,"(124,)",20,"{'ica__n_components': 20, 'NN__hidden_layer_sizes': (124,), 'NN__alpha': 1e-05}",74,0.5596153846153846,0.58125,0.5,0.5,0.5192307692307693,0.5399038461538461,0.5134615384615384,0.5168269230769231,0.5480769230769231,0.5942307692307692,0.03516967894564838,0.00023759262066861124,0.022247930559968588,0.03625471811776802
187,0.6532549858093262,0.0046940803527832035,0.5726923076923077,0.580673076923077,1e-05,"(124,)",25,"{'ica__n_components': 25, 'NN__hidden_layer_sizes': (124,), 'NN__alpha': 1e-05}",19,0.5788461538461539,0.5951923076923077,0.5903846153846154,0.5884615384615385,0.6019230769230769,0.5894230769230769,0.5211538461538462,0.5259615384615385,0.5711538461538461,0.604326923076923,0.0318014711123029,0.00011349712056367909,0.027798939999373298,0.02793165793133123
188,0.6797523975372315,0.004919004440307617,0.49961538461538463,0.5170192307692307,1e-05,"(124,)",30,"{'ica__n_components': 30, 'NN__hidden_layer_sizes': (124,), 'NN__alpha': 1e-05}",247,0.5115384615384615,0.5259615384615385,0.49423076923076925,0.54375,0.525,0.5134615384615384,0.5,0.5177884615384616,0.4673076923076923,0.4841346153846154,0.016329557014760382,0.00016509307550685034,0.019284540210341036,0.019437827605260676
189,0.764461088180542,0.005007028579711914,0.5323076923076923,0.55125,1e-05,"(124,)",35,"{'ica__n_components': 35, 'NN__hidden_layer_sizes': (124,), 'NN__alpha': 1e-05}",70,0.5,0.5,0.5,0.5,0.5903846153846154,0.5865384615384616,0.5384615384615384,0.5932692307692308,0.5326923076923077,0.5764423076923076,0.016671829252616704,0.0002965277343052278,0.03316178737661519,0.042186890473352626
190,0.8274882316589356,0.004444217681884766,0.5461538461538461,0.5573076923076923,1e-05,"(124,)",40,"{'ica__n_components': 40, 'NN__hidden_layer_sizes': (124,), 'NN__alpha': 1e-05}",43,0.6019230769230769,0.60625,0.5596153846153846,0.575,0.5057692307692307,0.5009615384615385,0.5538461538461539,0.5692307692307692,0.5096153846153846,0.5350961538461538,0.021698918978509178,0.00021752988176569564,0.03554312323737823,0.03610752966106725
191,0.9412245273590087,0.005315065383911133,0.5911538461538461,0.6021153846153846,1e-05,"(124,)",45,"{'ica__n_components': 45, 'NN__hidden_layer_sizes': (124,), 'NN__alpha': 1e-05}",2,0.5942307692307692,0.6120192307692308,0.5980769230769231,0.6096153846153847,0.6019230769230769,0.5836538461538462,0.5846153846153846,0.5990384615384615,0.5769230769230769,0.60625,0.0214460055840307,0.00023919527380843804,0.009150290194900247,0.01021496031324564
192,0.9939826488494873,0.005387163162231446,0.5734615384615385,0.5749038461538462,1e-05,"(124,)",50,"{'ica__n_components': 50, 'NN__hidden_layer_sizes': (124,), 'NN__alpha': 1e-05}",17,0.5769230769230769,0.5764423076923076,0.5615384615384615,0.56875,0.625,0.6004807692307692,0.5288461538461539,0.5298076923076923,0.575,0.5990384615384615,0.013887558764345756,0.0001658779063486468,0.030994368642931966,0.02573153097642136
193,1.1277092456817628,0.005463218688964844,0.5834615384615385,0.6149038461538462,1e-05,"(124,)",55,"{'ica__n_components': 55, 'NN__hidden_layer_sizes': (124,), 'NN__alpha': 1e-05}",5,0.5711538461538461,0.6100961538461539,0.5923076923076923,0.6129807692307693,0.5865384615384616,0.6081730769230769,0.5692307692307692,0.6182692307692308,0.5980769230769231,0.625,0.027744691980751517,0.00023209499951201243,0.011448366204720947,0.006088900076533681
194,1.1461954593658448,0.006182336807250976,0.5834615384615385,0.6071153846153846,1e-05,"(124,)",60,"{'ica__n_components': 60, 'NN__hidden_layer_sizes': (124,), 'NN__alpha': 1e-05}",5,0.5961538461538461,0.6192307692307693,0.5423076923076923,0.5658653846153846,0.6192307692307693,0.6230769230769231,0.5903846153846154,0.6096153846153847,0.5692307692307692,0.6177884615384616,0.027456393062539518,0.0006679231299368621,0.026017745423519655,0.021086869494753312
195,0.2565306186676025,0.0046406745910644535,0.5,0.5,1e-08,"(7,)",2,"{'ica__n_components': 2, 'NN__hidden_layer_sizes': (7,), 'NN__alpha': 1e-08}",116,0.5,0.5,0.5,0.5,0.5,0.5,0.5,0.5,0.5,0.5,0.007326950690634261,0.0004529851259795563,0.0,0.0
196,0.26581459045410155,0.004138374328613281,0.5,0.5,1e-08,"(7,)",5,"{'ica__n_components': 5, 'NN__hidden_layer_sizes': (7,), 'NN__alpha': 1e-08}",116,0.5,0.5,0.5,0.5,0.5,0.5,0.5,0.5,0.5,0.5,0.012746317843368028,0.00013028152829667544,0.0,0.0
197,0.34624357223510743,0.004358243942260742,0.5,0.5,1e-08,"(7,)",10,"{'ica__n_components': 10, 'NN__hidden_layer_sizes': (7,), 'NN__alpha': 1e-08}",116,0.5,0.5,0.5,0.5,0.5,0.5,0.5,0.5,0.5,0.5,0.04290060549855333,0.00016963225722640401,0.0,0.0
198,0.4551087379455566,0.004255247116088867,0.5,0.5,1e-08,"(7,)",15,"{'ica__n_components': 15, 'NN__hidden_layer_sizes': (7,), 'NN__alpha': 1e-08}",116,0.5,0.5,0.5,0.5,0.5,0.5,0.5,0.5,0.5,0.5,0.0059869220032598034,0.00025651961828698224,0.0,0.0
199,0.5228288173675537,0.004485368728637695,0.5,0.5,1e-08,"(7,)",20,"{'ica__n_components': 20, 'NN__hidden_layer_sizes': (7,), 'NN__alpha': 1e-08}",116,0.5,0.5,0.5,0.5,0.5,0.5,0.5,0.5,0.5,0.5,0.017244018785201858,0.00030427621342346025,0.0,0.0
200,0.5900441169738769,0.0050719261169433595,0.5,0.5,1e-08,"(7,)",25,"{'ica__n_components': 25, 'NN__hidden_layer_sizes': (7,), 'NN__alpha': 1e-08}",116,0.5,0.5,0.5,0.5,0.5,0.5,0.5,0.5,0.5,0.5,0.025291507617387847,0.0016680366740771419,0.0,0.0
201,0.7696948528289795,0.0052337646484375,0.5,0.5,1e-08,"(7,)",30,"{'ica__n_components': 30, 'NN__hidden_layer_sizes': (7,), 'NN__alpha': 1e-08}",116,0.5,0.5,0.5,0.5,0.5,0.5,0.5,0.5,0.5,0.5,0.2223834770943187,0.0014205929384067302,0.0,0.0
202,0.7218791484832764,0.005620813369750977,0.5,0.5,1e-08,"(7,)",35,"{'ica__n_components': 35, 'NN__hidden_layer_sizes': (7,), 'NN__alpha': 1e-08}",116,0.5,0.5,0.5,0.5,0.5,0.5,0.5,0.5,0.5,0.5,0.0211346176308727,0.00036935359967896696,0.0,0.0
203,0.8010715484619141,0.005101442337036133,0.5,0.5,1e-08,"(7,)",40,"{'ica__n_components': 40, 'NN__hidden_layer_sizes': (7,), 'NN__alpha': 1e-08}",116,0.5,0.5,0.5,0.5,0.5,0.5,0.5,0.5,0.5,0.5,0.015062470068794711,0.00032192187338053605,0.0,0.0
204,0.8695308208465576,0.0053253650665283205,0.5,0.5,1e-08,"(7,)",45,"{'ica__n_components': 45, 'NN__hidden_layer_sizes': (7,), 'NN__alpha': 1e-08}",116,0.5,0.5,0.5,0.5,0.5,0.5,0.5,0.5,0.5,0.5,0.01027532996060934,0.0003420736650848354,0.0,0.0
205,0.9458542346954346,0.005223512649536133,0.49923076923076926,0.5035576923076922,1e-08,"(7,)",50,"{'ica__n_components': 50, 'NN__hidden_layer_sizes': (7,), 'NN__alpha': 1e-08}",251,0.5076923076923077,0.5081730769230769,0.49038461538461536,0.5024038461538461,0.5,0.5052884615384615,0.5,0.49903846153846154,0.4980769230769231,0.5028846153846154,0.00726856209919826,0.0003537007883401239,0.005520269267079738,0.0030497599090680096
206,1.0206170082092285,0.0049610137939453125,0.5,0.5,1e-08,"(7,)",55,"{'ica__n_components': 55, 'NN__hidden_layer_sizes': (7,), 'NN__alpha': 1e-08}",116,0.5,0.5,0.5,0.5,0.5,0.5,0.5,0.5,0.5,0.5,0.007289089299213498,0.00016768051722516707,0.0,0.0
207,1.0876810073852539,0.0060768604278564455,0.5,0.5,1e-08,"(7,)",60,"{'ica__n_components': 60, 'NN__hidden_layer_sizes': (7,), 'NN__alpha': 1e-08}",116,0.5,0.5,0.5,0.5,0.5,0.5,0.5,0.5,0.5,0.5,0.01560826078057956,0.0004262059879369164,0.0,0.0
208,0.2649549961090088,0.004480600357055664,0.5,0.5,1e-08,"(15,)",2,"{'ica__n_components': 2, 'NN__hidden_layer_sizes': (15,), 'NN__alpha': 1e-08}",116,0.5,0.5,0.5,0.5,0.5,0.5,0.5,0.5,0.5,0.5,0.010994051223134842,0.0001754996553415715,0.0,0.0
209,0.2678839683532715,0.004278659820556641,0.5,0.5,1e-08,"(15,)",5,"{'ica__n_components': 5, 'NN__hidden_layer_sizes': (15,), 'NN__alpha': 1e-08}",116,0.5,0.5,0.5,0.5,0.5,0.5,0.5,0.5,0.5,0.5,0.002350697889166383,0.0001894106194316618,0.0,0.0
210,0.3436582088470459,0.004306221008300781,0.5,0.5,1e-08,"(15,)",10,"{'ica__n_components': 10, 'NN__hidden_layer_sizes': (15,), 'NN__alpha': 1e-08}",116,0.5,0.5,0.5,0.5,0.5,0.5,0.5,0.5,0.5,0.5,0.051333016173773956,0.0002289888310687481,0.0,0.0
211,0.4521970272064209,0.004293107986450195,0.5,0.5,1e-08,"(15,)",15,"{'ica__n_components': 15, 'NN__hidden_layer_sizes': (15,), 'NN__alpha': 1e-08}",116,0.5,0.5,0.5,0.5,0.5,0.5,0.5,0.5,0.5,0.5,0.0043638513306036185,0.0002376503297050323,0.0,0.0
212,0.5439287662506104,0.00468597412109375,0.4946153846153846,0.5037499999999999,1e-08,"(15,)",20,"{'ica__n_components': 20, 'NN__hidden_layer_sizes': (15,), 'NN__alpha': 1e-08}",257,0.5,0.5,0.5,0.5,0.47307692307692306,0.51875,0.5,0.5,0.5,0.5,0.012426804746494852,0.00012507381395448114,0.010769230769230776,0.007500000000000018
213,0.5892603874206543,0.004531431198120117,0.5,0.5,1e-08,"(15,)",25,"{'ica__n_components': 25, 'NN__hidden_layer_sizes': (15,), 'NN__alpha': 1e-08}",116,0.5,0.5,0.5,0.5,0.5,0.5,0.5,0.5,0.5,0.5,0.010527174989480588,0.0001395897432984987,0.0,0.0
214,0.6011716842651367,0.004209566116333008,0.505,0.5132692307692308,1e-08,"(15,)",30,"{'ica__n_components': 30, 'NN__hidden_layer_sizes': (15,), 'NN__alpha': 1e-08}",102,0.5057692307692307,0.51875,0.49423076923076925,0.5201923076923077,0.5076923076923077,0.5211538461538462,0.5038461538461538,0.4980769230769231,0.5134615384615384,0.5081730769230769,0.043745070993798985,0.0002800046666147442,0.006272887088576935,0.008909679929700308
215,0.6227531909942627,0.004874610900878906,0.5,0.5,1e-08,"(15,)",35,"{'ica__n_components': 35, 'NN__hidden_layer_sizes': (15,), 'NN__alpha': 1e-08}",116,0.5,0.5,0.5,0.5,0.5,0.5,0.5,0.5,0.5,0.5,0.003934719676166948,0.00015922274607782277,0.0,0.0
216,0.6905170440673828,0.004467391967773437,0.5034615384615385,0.5145192307692308,1e-08,"(15,)",40,"{'ica__n_components': 40, 'NN__hidden_layer_sizes': (15,), 'NN__alpha': 1e-08}",107,0.4980769230769231,0.5100961538461538,0.5134615384615384,0.5447115384615384,0.5057692307692307,0.5153846153846153,0.5,0.5009615384615385,0.5,0.5014423076923077,0.007373008741559346,0.00014399713217812956,0.005626438014741439,0.016041850776371176
217,0.7490327835083008,0.00451202392578125,0.5,0.5,1e-08,"(15,)",45,"{'ica__n_components': 45, 'NN__hidden_layer_sizes': (15,), 'NN__alpha': 1e-08}",116,0.5,0.5,0.5,0.5,0.5,0.5,0.5,0.5,0.5,0.5,0.0033532093783692055,7.869711560176343e-05,0.0,0.0
218,0.8037969589233398,0.004550409317016601,0.5,0.5,1e-08,"(15,)",50,"{'ica__n_components': 50, 'NN__hidden_layer_sizes': (15,), 'NN__alpha': 1e-08}",116,0.5,0.5,0.5,0.5,0.5,0.5,0.5,0.5,0.5,0.5,0.005746499680743575,0.00019821658965297733,0.0,0.0
219,0.8891324043273926,0.004574823379516602,0.5123076923076924,0.518173076923077,1e-08,"(15,)",55,"{'ica__n_components': 55, 'NN__hidden_layer_sizes': (15,), 'NN__alpha': 1e-08}",88,0.5288461538461539,0.5533653846153846,0.5,0.5072115384615384,0.4980769230769231,0.5019230769230769,0.5,0.5,0.5346153846153846,0.5283653846153846,0.011441624986104206,0.0004341224426673994,0.015978906213723835,0.020282308582114588
220,0.9442252159118653,0.004882907867431641,0.5223076923076924,0.53,1e-08,"(15,)",60,"{'ica__n_components': 60, 'NN__hidden_layer_sizes': (15,), 'NN__alpha': 1e-08}",77,0.5019230769230769,0.5076923076923077,0.5,0.49903846153846154,0.5,0.5,0.5557692307692308,0.5764423076923076,0.5538461538461539,0.5668269230769231,0.017790518751644727,0.00038924958204370944,0.02655239322168187,0.03426181608467534
221,0.23415021896362304,0.003880023956298828,0.5,0.5,1e-08,"(31,)",2,"{'ica__n_components': 2, 'NN__hidden_layer_sizes': (31,), 'NN__alpha': 1e-08}",116,0.5,0.5,0.5,0.5,0.5,0.5,0.5,0.5,0.5,0.5,0.010093131334472814,6.155965865627635e-05,0.0,0.0
222,0.2364203929901123,0.0038424015045166017,0.5,0.5,1e-08,"(31,)",5,"{'ica__n_components': 5, 'NN__hidden_layer_sizes': (31,), 'NN__alpha': 1e-08}",116,0.5,0.5,0.5,0.5,0.5,0.5,0.5,0.5,0.5,0.5,0.005325865463294688,4.834583259220247e-05,0.0,0.0
223,0.3292574405670166,0.00391697883605957,0.5365384615384615,0.5499038461538461,1e-08,"(31,)",10,"{'ica__n_components': 10, 'NN__hidden_layer_sizes': (31,), 'NN__alpha': 1e-08}",62,0.573076923076923,0.583173076923077,0.5923076923076923,0.5846153846153846,0.5346153846153846,0.5456730769230769,0.475,0.5100961538461538,0.5076923076923077,0.5259615384615385,0.057436035511638485,7.249101116694578e-05,0.04258649395589665,0.02995836608069361
224,0.42960305213928224,0.003961944580078125,0.5773076923076923,0.5720192307692307,1e-08,"(31,)",15,"{'ica__n_components': 15, 'NN__hidden_layer_sizes': (31,), 'NN__alpha': 1e-08}",12,0.5769230769230769,0.5942307692307692,0.5826923076923077,0.541826923076923,0.6192307692307693,0.5903846153846154,0.5442307692307692,0.5639423076923077,0.5634615384615385,0.5697115384615384,0.009400479997990319,0.000173866271072924,0.024789050837418513,0.01904088951107016
225,0.46644158363342286,0.004149818420410156,0.5092307692307693,0.5132692307692308,1e-08,"(31,)",20,"{'ica__n_components': 20, 'NN__hidden_layer_sizes': (31,), 'NN__alpha': 1e-08}",97,0.5,0.5,0.5461538461538461,0.5663461538461538,0.5,0.5,0.5,0.5,0.5,0.5,0.004296555539189786,6.604506213278544e-05,0.01846153846153844,0.026538461538461535
226,0.5310898303985596,0.00412445068359375,0.5169230769230769,0.5222115384615386,1e-08,"(31,)",25,"{'ica__n_components': 25, 'NN__hidden_layer_sizes': (31,), 'NN__alpha': 1e-08}",81,0.5711538461538461,0.5875,0.5,0.5,0.5,0.5,0.5134615384615384,0.5225961538461539,0.5,0.5009615384615385,0.015579571514414975,7.146759862529355e-05,0.027612063224303936,0.0337668432658727
227,0.5716983795166015,0.004076862335205078,0.5142307692307693,0.5314423076923076,1e-08,"(31,)",30,"{'ica__n_components': 30, 'NN__hidden_layer_sizes': (31,), 'NN__alpha': 1e-08}",87,0.4807692307692308,0.5399038461538461,0.5,0.5,0.5,0.5,0.5307692307692308,0.5355769230769231,0.5596153846153846,0.5817307692307693,0.016123572504453062,0.0001222680211867859,0.027777646285027366,0.030314549204814592
228,0.6418203830718994,0.005011653900146485,0.5307692307692308,0.5238461538461539,1e-08,"(31,)",35,"{'ica__n_components': 35, 'NN__hidden_layer_sizes': (31,), 'NN__alpha': 1e-08}",72,0.5,0.5,0.5980769230769231,0.5927884615384615,0.5365384615384615,0.5153846153846153,0.5192307692307693,0.5110576923076923,0.5,0.5,0.013819762012181831,0.0001711245992378863,0.03630492166742831,0.03500132076966957
229,0.6850154399871826,0.004481792449951172,0.5,0.5,1e-08,"(31,)",40,"{'ica__n_components': 40, 'NN__hidden_layer_sizes': (31,), 'NN__alpha': 1e-08}",116,0.5,0.5,0.5,0.5,0.5,0.5,0.5,0.5,0.5,0.5,0.006938203849020736,7.927394451021059e-05,0.0,0.0
230,0.7868803977966309,0.004548168182373047,0.5480769230769231,0.5736538461538462,1e-08,"(31,)",45,"{'ica__n_components': 45, 'NN__hidden_layer_sizes': (31,), 'NN__alpha': 1e-08}",38,0.5480769230769231,0.6028846153846154,0.5442307692307692,0.5557692307692308,0.5788461538461539,0.5870192307692308,0.5096153846153846,0.5307692307692308,0.5596153846153846,0.5918269230769231,0.012872546480801876,6.957078649988846e-05,0.022689048005773302,0.026541596804765633
231,0.8184068202972412,0.004616355895996094,0.5,0.5,1e-08,"(31,)",50,"{'ica__n_components': 50, 'NN__hidden_layer_sizes': (31,), 'NN__alpha': 1e-08}",116,0.5,0.5,0.5,0.5,0.5,0.5,0.5,0.5,0.5,0.5,0.003477252458032047,0.00010102294585862615,0.0,0.0
232,0.9186692237854004,0.004528331756591797,0.5473076923076923,0.5700000000000001,1e-08,"(31,)",55,"{'ica__n_components': 55, 'NN__hidden_layer_sizes': (31,), 'NN__alpha': 1e-08}",40,0.5480769230769231,0.5759615384615384,0.5653846153846154,0.5764423076923076,0.5096153846153846,0.5216346153846154,0.5423076923076923,0.5932692307692308,0.5711538461538461,0.5826923076923077,0.022863817113977447,0.00015225436595604004,0.021641238302515697,0.024975209602214665
233,0.9316686153411865,0.004989147186279297,0.5,0.5,1e-08,"(31,)",60,"{'ica__n_components': 60, 'NN__hidden_layer_sizes': (31,), 'NN__alpha': 1e-08}",116,0.5,0.5,0.5,0.5,0.5,0.5,0.5,0.5,0.5,0.5,0.002962764128211101,0.00037586732474778926,0.0,0.0
234,0.2510848045349121,0.004154348373413086,0.5096153846153846,0.515576923076923,1e-08,"(62,)",2,"{'ica__n_components': 2, 'NN__hidden_layer_sizes': (62,), 'NN__alpha': 1e-08}",93,0.5134615384615384,0.5153846153846153,0.5,0.5,0.5,0.5,0.5,0.5,0.5346153846153846,0.5625,0.017939747480357517,5.857641241742805e-05,0.01354370527819923,0.024206336888553174
235,0.23665142059326172,0.004204797744750977,0.5,0.5,1e-08,"(62,)",5,"{'ica__n_components': 5, 'NN__hidden_layer_sizes': (62,), 'NN__alpha': 1e-08}",116,0.5,0.5,0.5,0.5,0.5,0.5,0.5,0.5,0.5,0.5,0.0030199842494428824,0.00013995933349463397,0.0,0.0
236,0.32482137680053713,0.0042988300323486325,0.5573076923076923,0.5569230769230769,1e-08,"(62,)",10,"{'ica__n_components': 10, 'NN__hidden_layer_sizes': (62,), 'NN__alpha': 1e-08}",26,0.573076923076923,0.5706730769230769,0.5942307692307692,0.5875,0.4980769230769231,0.4980769230769231,0.5769230769230769,0.5836538461538462,0.5442307692307692,0.5447115384615384,0.04785181631575668,5.40912016692552e-05,0.03369283455857811,0.03301677223049992
237,0.4227864742279053,0.0043163299560546875,0.5,0.5,1e-08,"(62,)",15,"{'ica__n_components': 15, 'NN__hidden_layer_sizes': (62,), 'NN__alpha': 1e-08}",116,0.5,0.5,0.5,0.5,0.5,0.5,0.5,0.5,0.5,0.5,0.007083038769747274,0.00016064536999295804,0.0,0.0
238,0.49691500663757326,0.004443359375,0.5503846153846154,0.5614423076923077,1e-08,"(62,)",20,"{'ica__n_components': 20, 'NN__hidden_layer_sizes': (62,), 'NN__alpha': 1e-08}",34,0.5557692307692308,0.6014423076923077,0.5057692307692307,0.5298076923076923,0.5826923076923077,0.5754807692307692,0.5711538461538461,0.56875,0.5365384615384615,0.5317307692307692,0.014714915191643575,0.00010487831403849109,0.02715286553034277,0.027327660629899473
239,0.5388808250427246,0.004440116882324219,0.5,0.5,1e-08,"(62,)",25,"{'ica__n_components': 25, 'NN__hidden_layer_sizes': (62,), 'NN__alpha': 1e-08}",116,0.5,0.5,0.5,0.5,0.5,0.5,0.5,0.5,0.5,0.5,0.00408043741612873,7.368567552580134e-05,0.0,0.0
240,0.5995905876159668,0.00446319580078125,0.5376923076923077,0.5505769230769231,1e-08,"(62,)",30,"{'ica__n_components': 30, 'NN__hidden_layer_sizes': (62,), 'NN__alpha': 1e-08}",54,0.4980769230769231,0.5158653846153847,0.5769230769230769,0.5975961538461538,0.5307692307692308,0.5081730769230769,0.5769230769230769,0.5966346153846154,0.5057692307692307,0.5346153846153846,0.01911340707078072,0.00011147408481372971,0.03380679529745495,0.03896117776429589
241,0.6728260040283203,0.005717182159423828,0.5373076923076923,0.5472115384615385,1e-08,"(62,)",35,"{'ica__n_components': 35, 'NN__hidden_layer_sizes': (62,), 'NN__alpha': 1e-08}",56,0.5769230769230769,0.5899038461538462,0.5192307692307693,0.5177884615384616,0.5365384615384615,0.5615384615384615,0.5192307692307693,0.5302884615384615,0.5346153846153846,0.5365384615384615,0.02075416881727331,9.934597511920098e-05,0.02112235418114763,0.02566677393097287
242,0.6941659927368165,0.005016422271728516,0.5,0.5,1e-08,"(62,)",40,"{'ica__n_components': 40, 'NN__hidden_layer_sizes': (62,), 'NN__alpha': 1e-08}",116,0.5,0.5,0.5,0.5,0.5,0.5,0.5,0.5,0.5,0.5,0.0048793799225154595,3.493254476543706e-05,0.0,0.0
243,0.780925989151001,0.005785846710205078,0.5523076923076923,0.5671153846153846,1e-08,"(62,)",45,"{'ica__n_components': 45, 'NN__hidden_layer_sizes': (62,), 'NN__alpha': 1e-08}",29,0.5,0.5,0.575,0.5778846153846153,0.5653846153846154,0.5884615384615385,0.5442307692307692,0.5817307692307693,0.5769230769230769,0.5875,0.014130536023169497,0.0006495254219061837,0.028611869097534277,0.033779435990821234
244,0.8449501991271973,0.005403566360473633,0.5357692307692308,0.5553846153846154,1e-08,"(62,)",50,"{'ica__n_components': 50, 'NN__hidden_layer_sizes': (62,), 'NN__alpha': 1e-08}",65,0.5365384615384615,0.5557692307692308,0.5961538461538461,0.6086538461538461,0.5269230769230769,0.5576923076923077,0.5038461538461538,0.5245192307692308,0.5153846153846153,0.5302884615384615,0.010376069142124938,6.0655748284283916e-05,0.032124020027417086,0.029750876373149295
245,0.9123400688171387,0.005019617080688476,0.5538461538461539,0.5714423076923077,1e-08,"(62,)",55,"{'ica__n_components': 55, 'NN__hidden_layer_sizes': (62,), 'NN__alpha': 1e-08}",27,0.5846153846153846,0.5951923076923077,0.5711538461538461,0.5793269230769231,0.5,0.5,0.5461538461538461,0.6014423076923077,0.5673076923076923,0.58125,0.015008008545629588,4.0739980071330845e-05,0.029617882012582246,0.03667812377035676
246,0.9645221710205079,0.005368757247924805,0.5426923076923077,0.5800961538461539,1e-08,"(62,)",60,"{'ica__n_components': 60, 'NN__hidden_layer_sizes': (62,), 'NN__alpha': 1e-08}",47,0.5807692307692308,0.6240384615384615,0.5576923076923077,0.5918269230769231,0.5,0.5,0.5269230769230769,0.5754807692307692,0.5480769230769231,0.6091346153846153,0.016302340072824318,0.00043229885298740034,0.027477801691525788,0.043239947355856914
247,0.2525941848754883,0.004074192047119141,0.541923076923077,0.5456730769230769,1e-08,"(124,)",2,"{'ica__n_components': 2, 'NN__hidden_layer_sizes': (124,), 'NN__alpha': 1e-08}",50,0.5865384615384616,0.6038461538461538,0.5,0.5,0.6173076923076923,0.6024038461538461,0.5,0.5,0.5057692307692307,0.5221153846153846,0.01859271927623435,8.25919399337816e-05,0.04999112347242763,0.04760149542676052
248,0.2492825508117676,0.004126501083374023,0.5596153846153846,0.5633653846153847,1e-08,"(124,)",5,"{'ica__n_components': 5, 'NN__hidden_layer_sizes': (124,), 'NN__alpha': 1e-08}",22,0.5,0.5,0.5288461538461539,0.5264423076923077,0.5961538461538461,0.5923076923076923,0.5961538461538461,0.6201923076923077,0.5769230769230769,0.5778846153846153,0.01127831262043836,8.986646196539317e-05,0.03865336777354188,0.043945989578117364
249,0.34032888412475587,0.00399169921875,0.5373076923076923,0.5530769230769231,1e-08,"(124,)",10,"{'ica__n_components': 10, 'NN__hidden_layer_sizes': (124,), 'NN__alpha': 1e-08}",56,0.5826923076923077,0.5793269230769231,0.525,0.5504807692307693,0.5096153846153846,0.5225961538461539,0.5365384615384615,0.5658653846153846,0.5326923076923077,0.5471153846153847,0.04315286735359056,0.00015416828928550776,0.024494897427831803,0.019099552335284823
250,0.4590261459350586,0.004011011123657227,0.5757692307692308,0.5761538461538461,1e-08,"(124,)",15,"{'ica__n_components': 15, 'NN__hidden_layer_sizes': (124,), 'NN__alpha': 1e-08}",15,0.5903846153846154,0.5908653846153846,0.5692307692307692,0.56875,0.573076923076923,0.5533653846153846,0.6038461538461538,0.5855769230769231,0.5423076923076923,0.5822115384615385,0.014205353766026357,8.290367681221055e-05,0.020840334129452416,0.013535511042129059
251,0.5121488094329834,0.0041697978973388675,0.5280769230769231,0.5461538461538462,1e-08,"(124,)",20,"{'ica__n_components': 20, 'NN__hidden_layer_sizes': (124,), 'NN__alpha': 1e-08}",74,0.5596153846153846,0.58125,0.5,0.5,0.5192307692307693,0.5399038461538461,0.5134615384615384,0.5168269230769231,0.5480769230769231,0.5927884615384615,0.02807452765313679,6.977328577138652e-05,0.022247930559968588,0.035877111920600765
252,0.5832786560058594,0.00430912971496582,0.5726923076923077,0.5805769230769231,1e-08,"(124,)",25,"{'ica__n_components': 25, 'NN__hidden_layer_sizes': (124,), 'NN__alpha': 1e-08}",19,0.5788461538461539,0.5951923076923077,0.5903846153846154,0.5884615384615385,0.6019230769230769,0.5894230769230769,0.5211538461538462,0.5259615384615385,0.5711538461538461,0.6038461538461538,0.02484063992168569,0.00011296003563109481,0.027798939999373298,0.027850775222125722
253,0.5804044246673584,0.004310750961303711,0.49961538461538463,0.5170192307692307,1e-08,"(124,)",30,"{'ica__n_components': 30, 'NN__hidden_layer_sizes': (124,), 'NN__alpha': 1e-08}",247,0.5115384615384615,0.5259615384615385,0.49423076923076925,0.54375,0.525,0.5134615384615384,0.5,0.5177884615384616,0.4673076923076923,0.4841346153846154,0.011078779318421451,0.00011146874067198967,0.019284540210341036,0.019437827605260676
254,0.6575491905212403,0.004280376434326172,0.5326923076923077,0.5514423076923077,1e-08,"(124,)",35,"{'ica__n_components': 35, 'NN__hidden_layer_sizes': (124,), 'NN__alpha': 1e-08}",69,0.5,0.5,0.5,0.5,0.5923076923076923,0.5870192307692308,0.5384615384615384,0.59375,0.5326923076923077,0.5764423076923076,0.01880095678255619,7.407744673962194e-05,0.03383741145834272,0.04236338118102422
255,0.7228828430175781,0.0038007259368896484,0.5461538461538461,0.5573076923076923,1e-08,"(124,)",40,"{'ica__n_components': 40, 'NN__hidden_layer_sizes': (124,), 'NN__alpha': 1e-08}",43,0.6019230769230769,0.60625,0.5596153846153846,0.575,0.5057692307692307,0.5009615384615385,0.5538461538461539,0.5692307692307692,0.5096153846153846,0.5350961538461538,0.020015156228060067,6.021881302877413e-05,0.03554312323737823,0.03610752966106725
256,0.7972955703735352,0.0045360088348388675,0.5911538461538461,0.6021153846153846,1e-08,"(124,)",45,"{'ica__n_components': 45, 'NN__hidden_layer_sizes': (124,), 'NN__alpha': 1e-08}",2,0.5942307692307692,0.6120192307692308,0.5980769230769231,0.6096153846153847,0.6019230769230769,0.5836538461538462,0.5846153846153846,0.5990384615384615,0.5769230769230769,0.60625,0.007927623334527924,0.00015928028499096665,0.009150290194900247,0.01021496031324564
257,0.8557623863220215,0.004671239852905273,0.573076923076923,0.5748076923076922,1e-08,"(124,)",50,"{'ica__n_components': 50, 'NN__hidden_layer_sizes': (124,), 'NN__alpha': 1e-08}",18,0.5769230769230769,0.5764423076923076,0.5615384615384615,0.56875,0.6230769230769231,0.6,0.5288461538461539,0.5298076923076923,0.575,0.5990384615384615,0.023811369487679823,8.01337009928913e-05,0.03035782655487864,0.025636497997694584
258,0.9502510070800781,0.004751014709472656,0.5834615384615385,0.6149038461538462,1e-08,"(124,)",55,"{'ica__n_components': 55, 'NN__hidden_layer_sizes': (124,), 'NN__alpha': 1e-08}",5,0.5711538461538461,0.6100961538461539,0.5923076923076923,0.6129807692307693,0.5865384615384616,0.6081730769230769,0.5692307692307692,0.6182692307692308,0.5980769230769231,0.625,0.02647836250050221,0.0001055040762892031,0.011448366204720947,0.006088900076533681
259,0.9967279434204102,0.004816293716430664,0.5834615384615385,0.6068269230769231,1e-08,"(124,)",60,"{'ica__n_components': 60, 'NN__hidden_layer_sizes': (124,), 'NN__alpha': 1e-08}",5,0.5961538461538461,0.61875,0.5423076923076923,0.5658653846153846,0.6192307692307693,0.6230769230769231,0.5903846153846154,0.6086538461538461,0.5692307692307692,0.6177884615384616,0.02029631570327045,0.00027114115565314735,0.026017745423519655,0.021012200597854986
